V1,V2,V3,V4,V5,V6,V7,V8,V9,V10
0.71,4.11,3.52,10.39,3.3,21.89,29.58,4.14,9.85,38.12
-2.06,6.74,0.78,7.41,-2.94,8.8,-0.27,4.57,4.42,3.94
-2.37,8.59,5.55,-2.01,7.44,1,9.79,9.92,-2.56,0.81
9.74,6.64,3.7,6.1,-2.07,2.13,7.79,-1.88,0.93,4.84
0.15,1.87,1.58,3.93,-0.72,1.63,2.72,2.01,9.2,-2.86
8.94,9.82,8.72,4.49,-2.19,6.16,8.48,-2.41,6.07,8.91
1.39,5.8,5.55,8.09,1.9,6.47,0.22,-0.32,7.58,4.15
7.52,-2.27,9.02,-0.91,4.65,-1.71,3.72,-2.63,3.29,2.91
-2.49,2.23,2.73,9.23,9.72,3.53,5.39,8.19,4.12,1.45
7.1,8.51,-2.75,2.64,6.59,2.14,-0.89,9.81,4.82,9.69
3.95,2.33,-2.59,2.96,4.42,5.06,4.25,-1.87,5.43,-2.46
4.04,5.93,2.77,9.76,5.16,2.48,3.29,0.54,0.66,-2.6
4.99,-2.24,8.9,5.23,3.4,5.49,-2.63,5.5,5.29,5.18
5.18,-0.76,-2.49,5.59,5.19,4.92,0.65,-0.56,6.05,9.07
-0.03,0.08,5,5.73,-0.16,0.15,-1.8,6.13,3.69,1.86
6.53,-1.33,2.61,5.43,6.89,9,0.91,7.25,4.49,9.2
2.43,-0.33,-1.57,2.93,8.25,6.61,-2.16,-1.11,9.05,6.88
-2.04,-0.99,9.96,5.96,7.74,-0.2,9.1,8.93,8.92,2.79
0.79,5.45,4.45,6.39,0.87,1.34,5.39,4.77,-1.42,-0.12
3.96,4.01,2.54,5.38,9.93,0.79,1.99,-2.23,2.68,1.04
7.64,3.63,3.04,7.6,-0.42,0.77,-2.6,-1.32,-0.3,9.31
4.46,3.49,4.76,-1.09,-0.12,8.62,3.24,8.26,3.38,4.82
-1.87,-2.66,-1.18,3.67,5.72,-1.25,7.45,-2.29,-0.49,0.12
1.74,-2.85,6.75,7.78,7.75,9.33,-1.45,8.14,-2,1.25
7.45,5.46,7.73,2.2,7.37,-2.4,0.81,0.61,8.86,7.19
8.42,9.98,7.53,-2.76,3.65,3.24,-1.01,1.09,3.95,1.49
4.21,8.69,1.64,0.95,6.46,-0.62,0.27,8,-2.49,1.27
-0.75,7.95,9.73,9.97,0.14,7.1,-2.43,3.94,-2.3,9.42
1.13,9.12,9.4,-1.35,9.36,3.04,4.89,-1.66,7.13,-1.17
2.83,1.33,-2.49,7.46,5.28,6.97,9.83,8.55,4.96,-2.67
-0.18,7.2,8.28,-0.46,7.17,-1.59,9.63,7.74,5.35,-2.67
7.15,9.47,9.44,6.55,-1.88,8.79,-0.41,6,-2.87,9.71
7.82,2.95,1.04,8.33,0.4,9.31,5.29,0.22,7.85,0.25
0.55,-2.34,-2.55,-1.18,0.2,7.61,0.23,-0.17,5.34,8.57
0.15,2.49,8.04,-0.41,-0.96,9.15,-1.62,1.62,5.15,-1.5
1.33,2.97,4.44,5.36,1.29,7.84,4.66,9.58,-1.95,2.51
-0.18,1.6,3.16,0.26,3.41,6.35,-2.13,6.63,9.18,6.21
5.2,-0.68,-1.3,3.24,1.91,0.73,2.39,3.28,5.35,-2.47
4.77,9.67,3.49,-0.8,5.02,7.78,-2.97,-0.32,7.35,-1.92
5.18,-2.83,2.68,-1.67,0.42,9.08,7.68,1.29,5.71,6.85
-2.51,0.9,9.17,-0.81,7.14,1.07,2.91,-0.48,7.34,-1.74
0.04,2.11,-2.08,6.53,4.31,5.94,4.3,4.34,8.61,1.64
5.41,3.78,1.8,-1.92,5.11,5.22,-2.84,2.78,9.51,5.86
-0.37,9.99,9.76,-1.2,-0.83,6.9,2.86,5.08,9.41,0.2
6.34,-0.56,5.3,7.25,8.96,-0.4,3.19,3.26,6.93,1.79
7.9,2.34,8.57,-0.3,3.42,3.67,7.91,3.57,9.44,7.42
-0.57,-0.93,7.4,-0.81,0.86,9.57,9.08,6.71,4.65,8.48
9.91,0.98,-2.08,5.2,-1.77,9.88,7.79,4.41,3.13,4.72
9.2,1.03,-2.95,7.76,3.72,3.46,1.42,1.63,-2.97,0.86
-0.96,-0.54,2.92,9.44,1.65,6.77,9.01,0.72,3.48,3.65
-0.8,3.38,7.63,0.12,-1.42,8.86,-0.01,9.37,3.27,6.12
4.08,2.46,-2.85,4.13,0.21,3.86,-2.41,4.63,8.48,-2.38
8.48,-2.48,0.07,1.39,9.95,4.71,-1.84,8.95,8.43,4.64
2.6,-2.37,-1.99,0.23,0.74,-0.42,-0.92,3.73,-1.05,5.34
-0.15,6.02,-2.2,-0.01,0.15,1,6.85,0.73,8.62,5.32
1.34,7.1,5.84,4.41,-1.51,5.79,-0.89,-0.36,4.74,-2.46
7.27,-2.66,-1.84,8.28,0.56,1.9,-2.14,2.64,8.62,-0.2
-2.02,-1.53,8.82,-1.23,1.45,-1.04,2.76,-1.71,2.68,1.38
6.61,7.02,-1.52,2.45,1.42,-0.04,-1.77,3.53,2.6,5.96
4.06,-0.13,6.29,5.22,-1.86,9.85,-2.89,-1,2.48,8.73
1.8,3.45,-2.81,0.61,5.21,1.64,2.56,-2.03,2.93,8.24
2.35,-0.46,5.26,3.83,4.98,9.67,6.78,6.2,3.19,-0.62
2.16,-2.75,2.24,-1.56,5.47,3.38,-1.72,5.58,5.37,3.76
4.31,-2.83,-2.8,4.5,0.77,5.41,9.13,6.33,6.38,2.06
4.57,-1.27,4.59,-0.18,5.55,-0.44,-0.52,2.33,8.76,5.67
4.7,0.91,5.92,9.93,2.34,1.38,3.31,3.62,9.96,-1.33
-2.63,4.26,-1.16,-2.43,-1.25,2.6,5.98,-2.12,-1.07,2.35
2.93,6.49,4.08,-2.49,9.3,-0.38,0.06,-1.23,4.94,-1.18
7.44,-0.37,2.72,3.35,-0.44,8.05,7.73,5.86,1.67,7.68
7.53,2.04,1.93,9.36,2.6,3.68,1.96,-1.42,4.55,3.88
3.93,-2.53,0.36,-2,-2.02,-0.35,0.62,1.04,1.42,8.55
2.85,-1.15,-1.82,8.56,5.2,0.74,6.6,2.92,9.59,-1.73
0.6,7.12,3.3,5.53,6.47,8.9,-0.8,-1.58,-2.53,6.74
5.29,4.4,7.21,8.64,5.39,8.18,-1.71,9,-0.79,2.7
7.55,5.05,4.54,8.73,3.6,-0.27,-0.54,0.2,5.65,-0.95
1.46,9.24,9.16,7.76,4.76,5.62,6.65,6.96,7.04,7.12
3.69,2.32,1.51,0.89,0.96,9.9,-0.93,2.24,8.9,1.27
7.94,6.45,9.31,2.47,5.17,2.91,5.2,7.62,6.1,0.85
9.67,-2.44,0.08,8.82,8.32,7.84,4.44,4.97,4.79,1.47
2.08,-1.52,6.79,6.59,2.37,-2.26,6.49,4.43,2.98,5.38
8.69,0.91,1.82,8,6.38,9.98,0.91,1.58,7.6,-2.99
5.42,7.26,-2.44,8.5,6.08,8.88,6.33,0.51,3.84,1.12
4.97,8.92,2.59,1.75,5.5,7.95,2.49,1.98,2.38,8.47
-2.64,1.06,-0.63,2.17,-0.94,8.75,2.15,2.96,0.32,-0.25
2.96,8.73,-2.99,3.52,7.22,6.08,2.4,3.55,9.59,9.23
7.66,4.55,8.14,0.25,9.3,3.64,-1.8,1.78,8.62,3.57
0.25,8.97,7.63,2.61,1.14,9.68,1.35,6.29,2.64,4.67
9.04,8.6,3.39,9.04,2.12,0.61,5.12,7.51,7.15,4.7
6.73,4.81,-0.75,4.87,8.05,-1.46,-1.5,9.24,3.32,-2.89
2.81,6.56,9.08,0.43,-0.83,0.21,0.11,3.52,9.49,5.75
-1.82,8.52,4.34,4.57,7.56,9.45,8.17,2.68,6.95,5.31
-2.63,3.68,0.12,-0.39,-1.46,-1.83,1.15,0.03,-2.6,7.46
0.14,3.21,4.01,-0.79,6.63,6.17,2.41,9.74,-0.31,1.9
5.48,0.86,0.42,-0.19,8.42,-2.02,-0.74,6.59,3.65,9.21
1.89,4.02,2.88,5.01,6.62,4.41,6.17,-2.24,7.44,6.57
8.22,-2.43,-0.23,2.22,-0.23,9.4,-1.61,5.18,9.13,1.08
-2.92,4.61,4.93,0.5,7.42,3.35,1.47,9.67,-0.07,8.12
8.87,4.82,2.13,1.75,-0.18,-1.25,9.15,8.98,-0.49,6.58
5.55,-2.28,7.15,8.31,2.94,9.91,7.71,4.32,5.09,6.84
8.4,5.16,1.44,3.32,8.66,-1.15,9.67,0.12,-1.48,-0.41
0.1,7.83,162.79,154.83,170.18,32.9,385.7,253.83,753.88,742.89
-2.14,4.74,8.32,8,3.05,1.25,7.91,0.75,8.57,2.99
-2.42,6.96,-1.85,2.02,0.28,9.8,3.86,-0.06,-0.08,5.38
2.52,1.15,5.76,-0.08,7.51,-2.12,0.14,2.6,2.15,-0.67
0.2,3,7.07,-1.49,1,0.11,2.75,-1.1,3.86,1.32
4.88,4.44,-1.73,6.02,9.45,1.54,5.82,3.3,4.47,8.73
-1.33,9.99,-0.12,7.43,-0.1,-2.62,8.3,3.04,2.98,0.45
5.36,6.17,6.45,2.43,7.68,-2.56,5.54,0.43,-0.67,-0.61
4.74,7.21,6.82,6.01,3.23,6.26,-2.46,-0.96,-0.44,5.01
-2.23,1.23,4.99,0.64,-1.35,7.89,1.01,9.95,0.92,6.98
0.4,9.28,3.15,9.84,1.7,0.82,-2.72,-2.77,4.25,-0.39
-0.38,-1.02,9.81,9.43,7.99,3.03,5.69,8.52,5.07,8.25
3.52,5.83,-0.52,-1.49,9.46,1.12,9.39,0.46,1.07,0.31
-2.56,4.46,-0.42,3.58,4.3,4.28,7.4,4.57,4.51,1.64
7.17,7.12,3.62,6.98,6.55,1.6,0,2.24,0.12,8.06
0.48,6.64,3.88,2.95,8.14,3.34,7.07,7.52,6.8,-1.87
-2.18,7.23,5.59,0.4,0.81,-0.12,7.67,-1.8,7.45,2.17
2.84,4.62,-0.72,9.46,1.59,8.83,1.06,4.59,1.06,4.17
2.65,4.53,0.8,9.53,-2.52,-1.07,2.86,7.54,9.45,-0.35
8.67,-2.73,9.88,4.25,0.66,0.69,7.13,-1.67,1.89,4.58
3.49,7.72,-0.8,5.77,7.18,3.79,4.6,-1.77,-1.63,8.65
5.39,4.01,3.18,9.18,3.53,3.65,-1.89,9.39,1.19,-2.45
-0.96,-0.15,-2.19,-1.08,7.1,1.47,2.6,4.23,2.79,7.48
-1.19,9.28,5.2,1,5.04,2.37,7.78,-0.37,3.59,9.15
-1.72,-1.03,3.15,4.45,-1.85,9.68,-1.91,-0.74,9.07,2.28
-0.2,-1.9,5.13,0.61,0.02,2.23,5.07,5.61,9.45,-2.14
3.09,-1.74,-2.87,-1.72,2.25,5.17,3.65,0.03,7.79,-2.77
-0.83,9.07,-0.8,5.32,3.51,0.35,5,4.6,2.6,4.06
9.87,5.4,5.16,4.99,9,8.17,-2.78,4.07,3.78,9.66
4.92,9.86,-2.09,5.04,-1.87,3.16,0.2,4.78,6.18,-2.01
5,8.34,-2.94,7.2,3.65,3.56,-2.46,-1.35,-1.84,3.14
5.7,-1.98,-1.47,0.85,6.01,-2.47,-0.98,6.22,4.6,5.79
5.88,-0.49,5.64,6.79,7.55,6.77,-0.06,-2.25,1.54,9.12
-1.26,9.54,7.46,-1.21,6.73,1.11,5.35,7.27,2.75,6.5
0.41,-1.56,7.51,1.94,2.29,3.52,2.47,4.3,-0.26,-2.94
0.09,8.61,-0.43,8.72,5.4,-2.88,5.49,8.34,-2.14,-2.98
7.45,-0.4,9.56,4.91,1.39,6.29,9.01,9.73,3.56,1.76
6.22,6.96,3.19,3.73,-1.11,8.48,-2.76,4.35,2.78,-0.02
4.41,5.86,-1.41,6.97,4.58,6.98,7.08,0.06,5.31,7.94
0.07,2.76,-2.46,-0.38,-2.34,1.92,8.9,9.67,1.64,2.46
1.42,-2.15,-0.59,7.61,4.58,1.3,6.08,4.82,8.65,-1.14
7.79,3.05,7.71,9.37,0.02,2.28,6.34,-2.9,5.33,1.65
8.04,8.4,7.4,8.57,-1.98,8.06,0.48,9.92,7.72,5.11
2.37,-0.87,5.96,4.78,9.73,0.53,9.07,5.81,8.34,7.71
7.67,6.12,0.76,5.37,5.48,3.78,-2.35,1.82,3.87,5.98
6.46,1.9,4.38,3.86,0.46,5.4,1.91,3.94,5.31,-0.38
-0.96,-2.32,1.75,7.99,5.45,1.48,-1.48,4.52,-2.71,9.85
2.23,7.95,5.97,5.98,3.32,1.45,-0.24,3.96,6.26,6.62
-0.06,2.72,-1.48,7.32,9.57,1.98,2.71,1.47,8.91,-1.98
4.09,-2.05,-1.31,8.83,8.94,7.14,0.3,-2.55,1.65,0.58
-2.7,6.87,-1.48,6.26,2.85,4.84,-2.3,5.6,-1.2,6.96
2.22,1.73,-0.33,3.74,-0.95,-0.76,8.71,4.75,3.7,7.61
5.77,-2.21,8.56,7.46,9.61,7.49,4.6,-0.09,7.93,9.24
3.49,8.22,6.11,5.01,4.47,-1.04,-0.16,5.17,7.56,1.63
2.12,-0.22,6.36,4.79,6.51,8.4,7.02,5.21,3.15,0.72
2.82,-1.09,1.5,1.37,9.37,1.1,-1.15,3.96,4.01,9.78
3.2,-2.51,7.99,-0.69,5.49,2.46,1.26,8.32,-2.38,-1.18
-0.06,2.74,1.59,9.29,-2.48,-1.91,7.69,7.53,6.3,0.83
-1.76,-0.89,2.74,2.74,3.48,2.1,6.83,5.33,9.06,0.83
5.1,2.25,1.32,3.09,4.55,9.8,8.54,8.81,8.11,9.16
-2.38,-1.95,1.89,2.2,-2.67,2.4,3.28,8.02,-0.07,-0.43
-1.16,1.17,1.68,4.58,6.9,8.16,9.67,3.73,3.48,8.73
7.56,-1.42,0.97,-1.13,4.66,8.52,-1.34,3.2,7.32,9.77
2.35,7.93,-2.19,7.23,0.12,-1.86,-0.37,6.4,9.15,2.56
8.97,-2.01,6.72,0.64,5.56,3.62,-1.2,5.23,-2.66,5.27
3.95,7.89,6.85,7.92,9.76,1.51,6.43,-1.58,7.7,3.74
-1.82,0.04,1.66,-1.01,-2.73,4.78,0.12,-0.1,1.18,-0.73
5.45,0.14,0.26,2.17,3.78,8.81,8.78,5.57,4.04,9.12
0.84,-2.02,7.01,-2.31,8.89,6.76,2.19,5.31,8.17,-0.12
-0.95,9.35,2.92,3.7,-1.67,3.19,-1.52,1.45,6.08,2.65
3.72,1.53,5.79,6.97,6.69,-0.44,5.78,5.47,8.13,-0.19
4.58,-1.03,0.79,1.58,-0.35,-0.33,-1.66,4.83,7.98,9.51
7.7,-2.98,8.85,0.62,3.72,-2.82,6.8,5.2,1.63,2.88
-2.15,8.34,7.41,6.63,5.31,4.1,9.19,1.08,-0.44,7.31
3.89,7.14,9.27,7.67,-1.29,-1.09,-2.66,0.05,6.74,8.31
-0.45,4.44,8.33,-1.61,8.05,2.05,-1.43,4.85,-2.76,3.19
-2.27,-1.92,1.53,8.13,7.71,9.83,2.23,6.89,0.91,4.78
4.19,7.79,1.92,3.46,5.45,3.63,5.37,5.79,6.67,2.1
4.09,9.21,9.53,2.42,-2.4,7.58,7.46,-0.84,2.42,7.69
5.34,3.14,8.77,9.86,1.27,6.47,9.69,6.49,3.35,0.59
1.27,-2.46,-1.63,6.18,4,6.82,-0.2,-0.64,2.6,9.47
4.46,9.69,8.67,3.99,2.1,9.26,1.56,-0.45,-1.59,6.98
-2.76,6.75,0.12,9,6.61,4.38,5.46,6.29,0.86,-1.2
9.87,5.13,-0.67,-1.76,1.3,6.33,8.06,4.1,8.68,0.66
3.56,3.14,0.35,2.22,-2.88,5.44,1.48,1.68,7.99,2.89
-1.35,8.22,-0.36,1.76,7.21,9.24,9.13,2.67,5.52,-0.01
4.46,5.39,8.11,6.79,6.63,-0.59,3.11,4.69,6.5,1.79
8.34,0.05,7.92,-1.31,5.27,8.04,7.12,9.75,-0.29,5.11
2.63,1.35,3.33,5.27,6.1,0.53,4.5,5.23,6.19,0.02
8.22,0.65,8.4,6.33,-2.56,5.03,8.73,3.54,-0.29,5.22
8.33,-1.95,8.27,6.24,-0.27,3.54,4.27,9.85,3.29,6.97
4.95,8.92,-1.68,-1.73,4.18,7.42,1.8,-1.33,2.64,-2.01
1.68,0.86,1.63,0.07,-2.82,2.07,8.1,8.9,8.61,-2.2
4.12,6.93,-1.16,2.39,3.17,1.56,8.93,-2.57,1.4,2.21
7.4,9.35,1.12,8.72,-2.39,8.29,6.13,2.4,9.95,-1.23
3.39,1.62,2.62,8.01,4.69,2.79,0.08,2.78,1.69,-1.32
3.58,8.8,8.6,5.41,1.18,1.76,9.97,0.1,2.19,1.36
5.3,-0.41,0.7,9.42,-1.7,1.31,7.7,7.43,6.71,7.64
9.19,0.09,-0.74,1.8,-1.9,6.95,7.59,1.17,-0.27,-0.73
2.84,6.3,-1.94,1.44,1.71,2.24,6.2,1.67,5.34,-1.62
0.7,59.83,129.27,588.47,203.08,420.18,392.64,112.7,362.49,143.26
8.38,-1.13,0.81,-2.36,3.67,1.91,7.58,1.26,6.07,-2.7
3.52,-1.09,6.59,4.58,3.34,-1.71,9.82,-0.47,2.96,5.16
0.91,-1.02,8.79,4.88,-1.3,-1.16,-2.86,2.73,-0.42,-0.17
3.46,-2.04,1.7,7.26,-1.41,8.36,-0.83,9.16,-0.38,8.23
9.45,6.13,-2.87,6.04,0.71,3.47,7.33,0.52,5.99,0.29
8.67,9.9,2.26,7.46,4.77,3.96,9.3,4.91,9.68,-1.13
7.73,3.13,-0.18,-0.58,0.39,1.4,-2.22,2.55,0.56,0.39
0.78,0.01,9.51,0.91,9.05,0.22,7.37,6.38,3.74,3.36
9.66,2.4,3.25,1.91,-0.14,-1.98,8.86,-0.85,5.92,8.54
1.02,3.65,1.66,3.84,6.06,5.05,8.24,6.83,-2.4,-1.21
-2.78,1.37,1.8,9.73,5.27,0.84,-0.06,2.63,-2.79,6.67
8.99,9.86,-0.93,2.24,1.77,1.92,3.25,0.62,4.07,-0.83
-0.84,8.09,5.82,3.82,1.92,1.87,-1.14,0.16,-1.3,-0.55
1.94,-1.09,3.81,6.74,-1.37,-0.92,-2.43,1.56,4.71,-2.22
-1.77,3.69,-2.37,0.29,8.92,2.39,5.21,2.17,6.01,-0.72
4.34,8.16,-2.64,0.15,1.97,2.28,5.02,3.83,5.43,6.71
6.27,-2.63,8.62,0.08,7.1,-2.75,2.16,7.66,1.8,9.86
8.43,3.03,3.54,9.06,6.31,2.46,1.45,1.52,7.63,-2.55
3.79,1.96,8.61,4.14,5.11,0.58,9.41,0.12,7.4,4.84
9.83,3.67,5.2,8.44,6.75,2.29,8.68,-1.09,-0.05,0.48
-1.24,-1.63,6.5,5.3,-2.57,2.81,-2.25,1.87,7.32,8.37
2.31,1.1,0.33,0.92,8.24,8.43,4.49,7.65,-1.45,1.89
2.48,-1.63,8.56,-2.32,9.8,5.31,2.96,8.48,7.21,5.9
-1.04,8.96,7.27,8.46,4.26,7.69,1.26,5,-0.44,-1.42
3.37,4.87,2.68,6.69,8.78,0.91,5.12,3.27,-1.44,6.66
8.16,4.03,8.02,6.72,4.71,7.82,2.02,-2.34,6.3,-0.77
6.56,8.25,-1.82,3.82,6.7,5.44,1.51,-2.04,0.43,4.06
-0.47,6.8,-1.08,5.2,3.49,-2.3,9.11,-1.4,3.96,-2.34
8.26,2.12,4.69,6.28,-1.17,-0.61,4.09,3.84,0.05,0.39
6.06,9.6,-1.37,7.24,3.42,8.33,2.67,7.93,9.29,6.1
1.98,-1.19,2.89,3.9,7.01,9.38,4.6,6.12,-2.03,-1.44
6.78,9.23,3.67,1.47,5.5,5.49,3.86,-0.42,-0.67,6.91
2.97,8.39,6.5,4.6,5.62,-0.08,2.92,-1.71,-2.16,2.21
7.38,2.82,4.02,0.27,9.72,1.03,-0.36,4.31,-2.86,0.61
5.86,6.92,-0.17,-0.47,-1.62,8.32,8.01,5.24,-2.1,-2.67
2.14,3.87,8.71,-1.36,-1.54,4.33,1.55,4.38,5.61,2.38
9.58,2.99,8.2,3.59,6.26,7.91,7.61,8.9,2.21,7.75
-0.5,-1.93,4.66,2.33,0.59,6.04,0.65,-1.4,1.28,1.55
-1.07,6.41,8.41,-2.37,8.05,9.86,4.96,-0.41,4.24,0.57
4.97,3.81,6.56,3.16,-2.6,2.81,1.06,8.01,1.7,6.27
5.75,4.2,7.34,0.41,9.53,-2.08,9.45,0.17,-0.48,0.72
4.72,1.44,-2.87,3.12,2.06,8.17,2.98,-2.98,-2.24,-2.79
0.59,5.72,4.02,-2.86,-1.12,4.41,2.95,2.94,2.41,7.65
-0.8,-1.84,1.84,9.54,1.56,1.37,-2.54,1.01,4.54,-0.03
4.73,-0.75,4.4,4.86,5.36,9.46,3.03,-1.66,9.47,3.78
-1.46,0.05,-0.5,5.55,0.19,1.37,-0.05,6.13,7.31,5.36
3.77,9.51,6.51,8.61,9.04,-1.93,-0.03,9.49,2.07,7.5
-0.55,9.8,9.75,6.84,4.65,5.1,6.3,-2.33,6.43,5.76
4.45,7.97,8.81,6.95,3.51,-1.01,-1.68,6.46,8.12,8.62
1.82,1.88,8.12,-1.68,0.49,7.15,-0.61,3.46,6.64,4.46
0.96,9.08,4.25,0.7,5.92,-1.1,8.8,2.21,-0.43,5.22
-2.03,7.01,3.19,9.77,3.95,9.69,-1.24,5.27,6.15,9.87
3.88,-2.04,1.75,1.99,-0.72,5.24,-0.87,1.66,-1.31,8.76
9.12,2.64,7.84,3.36,6.33,3.76,5.26,5.12,8.96,7.82
0.34,9.92,4.82,6.52,9.69,-1.23,6.21,-1.55,7.03,2.36
-1.68,0.91,3.32,3.07,5.89,5.59,-1.7,8.02,-2.75,-0.02
6.78,9.36,5.61,4.62,2.72,1.94,-1.63,-2.03,-2.94,-2.68
8.78,0.39,-2.76,3.6,9.91,9.93,5.37,6.11,-1.62,2.4
-1.53,-0.31,6.3,4.78,5.75,2.19,0.37,7.05,0.2,0.61
-2.98,9.97,-0.03,5.63,4.59,5.69,-2.44,5.95,6.66,-2.39
6.27,5.44,1,6.5,-0.96,0.9,6.43,7.4,-2.99,7.8
-0.2,-1.53,-2.51,9.1,6.25,6.24,1.28,9.61,3.28,4.47
0.22,3.3,4.44,3.19,-1.08,-0.98,-1.13,-0.52,7.97,8.53
0.08,4.23,3.96,4.07,0.73,5.99,7.97,-2.85,3.39,7.97
7.95,6.18,9.44,8.44,5.27,5.68,4.68,9.55,5.28,-2.04
4.02,8.5,4.25,-1.55,1.68,6.17,0.47,3.55,8.64,-1.57
2.07,-1.29,5.65,9.02,5.78,9.38,5.01,3.74,9.52,-1.61
1.71,7.47,7.57,1.14,5.9,2.84,9.82,0.58,2.38,5.1
1.53,9.39,3.59,8.77,-2.16,8.26,4.93,1.31,1.8,3.57
2.74,6.86,5.27,-1.61,5.88,1.05,-2.24,0.88,7.78,-2.72
2.26,-0.51,7.74,-0.17,3.62,3.64,5.66,3.44,7.21,-1.97
-1.47,-1.27,-2.58,5.11,-2.5,-1.75,3.36,5.43,2.56,8.16
-1.01,8.29,5.02,7.26,9.67,0.89,-1.7,-2.57,4.76,9.08
-2.3,-2.98,-1.44,8.43,-0.16,5.18,2.07,8.5,-1.39,-0.73
9.52,0.13,1,9.94,8.23,1.5,-1.81,1.59,9.92,3.74
-0.25,-1.09,2.03,7.76,9.16,1.7,-1.36,-2.54,2.12,6.4
9.53,2.81,6.42,-1.91,1.24,9.26,6.27,6.3,7.75,7.88
8.56,7.27,-2,-0.44,7.21,9.23,4.05,8.39,0.82,3.97
2.13,3.56,5.87,7.15,1.32,5.03,-1.16,2.96,5.48,3.95
-0.64,5.01,9.76,8.77,6.1,0.99,8.03,2.37,-2.72,5.78
0.24,8.84,3.04,1.24,-1.6,0.24,0.46,5.44,-1.37,4.28
-0.59,3.75,-2.16,8.27,0.89,2.15,3.3,2.73,8.1,-1.22
9.67,-2.55,6.78,9.43,9.22,2.88,0.42,7.24,8.24,0.7
3.01,-1.53,-0.47,9.05,2.7,0.93,-0.71,6.16,9.36,0.91
0.44,-1.24,7.65,1.27,-2.97,-1.46,6.41,3.32,4.26,4.51
5.09,3.93,4.95,1.87,3.35,4.17,7.75,6.76,1.4,5.98
-2.55,7.41,7.45,-0.02,6.45,0.14,3.9,8.73,9.3,3.26
-0.37,-0.27,5.02,-2.72,3.99,5.05,-1.19,0.4,-1.64,6.06
7.91,6.45,-0.02,2.85,-1.68,6.32,-2.98,9.06,3.08,1.41
5.03,3.52,-1.19,2.47,6.5,8.26,5.61,0.4,6.98,4.9
6.65,9.61,7.63,1.67,9.88,1.62,9.71,-1.32,5.01,-1.94
7.73,2.91,7.51,-2.29,8.76,8.82,7.02,8.77,7.87,0.1
0.18,2.9,6.62,1.99,8.37,3.11,0.24,3.97,6.5,-2.78
-1.13,3.15,9.82,9.49,7.81,9.69,1.11,7.51,-1.63,9.12
8.57,9.1,2.02,6.07,9.8,0.78,4.89,6.82,-0.45,2.75
9.91,2.73,8.65,6.52,7.71,7.01,-0.37,-2.05,0.98,9.12
-1.84,2.85,2.27,-2.03,2.34,0.07,-2.34,6.44,-2.43,-0.97
5.55,9.13,-1.88,-2.43,5.2,-2.09,1.34,0.08,7.73,3.89
5.83,7.64,9.61,4.47,4.15,7.32,1.48,6.78,8.26,5.45
0.69,287.5,68.49,93.4,54.01,776.27,603.97,198.74,593.68,1021.36
0.06,8.6,0.91,1.17,9.16,9.1,2.08,0.49,-0.83,-0.2
7.38,8,-2.57,6.99,2.46,4.58,4.3,6.93,1.35,2.55
2.38,-2.76,1.96,3.67,-1.61,2.33,-2.72,2.6,3.36,0.33
7.38,6.41,-1.08,-1.71,-2.42,-1.93,-2.62,2.65,1.56,-0.45
5.45,-1.06,-2.45,5.87,8.92,3,0.45,3.21,-0.07,4.79
8.76,5.31,5.03,0.71,-1.03,6.41,6.04,-0.75,-0.99,-0.6
2.58,9.39,8.81,4.49,-2.33,9.39,5.56,-1.95,2.03,-2.88
0.6,-2.52,-0.95,1.14,6.34,-2.03,7.14,9.79,4.18,-2.93
4.58,2.93,5.37,-0.4,6.64,7.34,9.01,2.68,9.58,-1.99
5.08,2.15,-2.6,3.88,9.64,-1.94,3.27,5.19,-0.89,8.29
5.31,2.7,8.76,7.36,6.84,5.1,8.32,3.98,4.88,2.49
4.04,-0.55,8.42,-0.59,2.05,5.06,9.74,1.05,-2.27,9.31
2.06,5.8,1.46,2.45,-0.32,1.09,3.5,5.95,9.27,5.61
4.23,4.58,-1.7,2.99,1.93,8.14,-1.91,0.25,2.11,5.97
5.73,9.15,8.42,4.15,-1.45,0.46,-0.8,-1.72,4.5,-0.07
-2.41,9.55,8.73,2.04,1.99,-1.59,6.12,8.49,7.35,5.39
4.09,1.57,-0.04,5.39,7.56,4.89,3.53,8.64,8.13,8.63
4.61,3.86,7.77,3.02,-2,9.31,6.47,0.2,-2.41,0.97
3.12,-1.83,0.52,1.84,3.2,5.51,3.24,-0.69,4,0.58
7.7,-1.92,5.15,-2.35,6.47,2.7,5.53,-0.01,1.34,3.66
-1.38,8.94,-2.49,9.38,1.96,-1.49,8.69,-1.58,1.7,9.28
2.39,7.81,-2.56,5.9,-0.36,3.64,1.4,5.88,5.94,8.4
9.45,3.64,9.47,4.6,4.28,5.94,-2.7,-0.19,8.92,1.63
6.46,-2.46,0.57,6.97,9.91,5.52,8.47,8.6,6.94,0.16
7.87,-0.68,-2.03,8.31,8.22,0.61,1.94,-0.38,9.48,-2.12
-1.99,8.93,4.51,-2.52,3.52,-1.21,6.41,3.81,1.59,5.33
8.44,-1.95,5.86,-0.99,8.01,5.77,7.53,6.48,4.37,4.47
9.63,2.23,6.79,-2.4,0.54,5,1.2,5.47,7.61,0.67
6.35,8.62,-0.4,0.85,9.09,6.12,2.63,5.5,-0.08,7.22
0.83,-1.64,8.26,9.68,0.37,6.27,5.45,-2.11,2.75,-0.19
5.36,2.38,5.04,2.14,2.97,8.58,-2.87,7.16,4.04,7.74
-2.17,0.38,6.36,0.42,4.23,5.44,9.53,9.85,0.94,-0.55
7.07,4.76,0.81,5.33,4.44,4.18,1.6,-0.12,5.06,7.34
2.69,0.42,-0.29,-2.27,5.55,5.67,9.3,5.67,2.83,3.34
3.41,3.65,6.72,-0.24,7.07,0.94,8.2,6.6,0.79,-0.87
9.05,-2.15,6.89,-0.15,6.18,1.32,7.02,-2.23,4.2,2.08
8.1,9.88,5.5,-2.2,-2.39,1.04,6.46,9.9,9.71,-0.72
3.24,3.11,5.93,-0.05,5.87,2.99,3.88,4.06,-0.41,7.67
6.19,-1.37,8.51,3.07,1.48,4.68,7.38,-1.5,5.44,1.57
3.58,3.54,1.45,-0.93,4.33,2.05,3.1,0.79,1.95,2.8
3.06,8.19,8.91,-1.01,-1.87,4.77,4.98,5.01,-1.17,7.56
2.67,8.01,9.19,1.18,1.07,0.66,8.86,-1.55,2.16,4.3
3.02,8.73,-2.17,7.46,-2.2,5.15,-0.49,3.9,8.93,4.46
9.69,1.99,2.64,8.6,3.97,3.77,3.37,-1.06,-1.23,5.19
9.5,4.44,3.19,8.68,8.61,7.26,-0.66,7.46,8.7,4.49
1.75,1.71,3.22,2.57,-0.83,4.01,-2.28,1.68,-2.1,9.65
9.13,-2.41,1.63,1.77,9.19,8.6,8.53,2.55,-2.46,-2.7
-2.27,-2.97,4.73,3.92,8.71,3.33,1.18,-1.96,0.79,-0.13
5.53,5.54,4.58,-1.26,-1.89,6.75,5.75,-1.18,-1.58,6.65
-1.54,-2.45,7.23,3.09,2.31,6.41,1.68,0.83,-1.04,2.22
1.13,-0.32,2.25,8.85,6.6,0.95,2.18,-2.23,1.99,5.96
0.64,-2.48,1.5,8.22,-0.75,2.6,4.96,8,4.41,6.38
4.64,5.87,6.92,1.86,-1.05,-0.78,-1.73,3.63,3.05,0.23
8.84,7.18,2.9,1.09,6.02,-0.5,5.03,-1.8,0.26,-2.98
7.16,3.9,-2.47,-1.35,2.11,-0.22,4.24,-2.93,-2.23,-1.36
6.44,5.4,7.51,3.36,-2.74,9.45,5.57,-1.47,3.07,-1.38
1.75,1.91,8.79,7.65,5.99,4.81,-2.86,1.02,6,0.4
1.04,3.15,7.29,1.57,4.79,-0.6,4.34,-0.97,-0.54,5.1
0.66,8.89,0.5,-1.84,2.25,0.75,-2.39,-2.19,2.27,3.68
-0.57,7.02,8.59,-1.78,4.66,4.57,6.03,4.8,8.59,2.02
8.19,-0.37,8.17,5.48,4.19,2.96,7.87,-1.48,4.98,-2.68
6.62,8.64,9.21,-2.89,9.8,1.45,0.85,-2.6,2.26,6.12
4.08,4.69,3.13,2.66,5.91,-2.21,-2.77,1.93,5.58,8.82
6.95,3.77,-1.56,5.11,-0.75,5.62,-1.93,-2.89,7.14,6.04
-2.57,3.75,4.68,9.64,3.85,4.47,1.09,7.7,4.87,6.35
3.82,-1.05,1.03,9.95,4.6,9.94,-2.27,4.83,1.86,6.31
3.64,-1.2,0.08,5.08,6.91,2.32,0.69,7.98,2.42,-2.18
4.02,2.85,4.57,-1.31,2.48,-1.58,6.16,6.56,9.11,1.03
2.9,2.93,2.97,6.93,2.87,-2.43,6.86,3.59,5.4,-1.28
-0.1,-0.97,0.52,2.97,7.1,-2.57,8.28,-2.21,8.4,0.7
-1.39,2.41,6.55,6.17,4.1,-0.98,7.59,0.26,8.58,6.7
4.29,1.48,-0.38,-2.74,-1.59,5.48,-2.18,8.27,-0.93,6.21
9.98,1.97,8.24,0.49,7.93,5.34,0.91,6.21,6.12,-0.69
9.91,7.73,4.72,6.45,3.9,-1.18,8.47,1.48,2.07,7.05
-1.83,9.35,-1.48,0.79,9.61,-0.07,9.26,-2.58,-1.81,-1.67
6.63,-1.84,3.29,4.87,1.65,1.22,0.2,5.55,-2.58,9.32
7.86,-2.67,7.04,2.57,6.77,0.94,4.38,5.23,5.41,9.45
2.27,6.58,8.79,3.79,-2.64,8.4,6.72,9.62,8.81,7.9
-2.06,5.44,9.05,4.23,0.31,0.7,8.44,3.5,9.24,8.86
2.82,7.09,9.18,-0.14,-0.34,5.95,3.79,7.03,1.17,-0.8
6.47,6.44,8.77,5.26,0.23,9.13,3.65,9.94,8.74,2.46
7.84,9.68,-2.1,6.89,3.9,1.2,-2.42,2.34,7.7,9.82
1.2,0.52,6.91,0.37,3.37,9.56,9.31,-2.84,6.59,0.48
-0.65,3.05,9.92,-1.88,-1.69,0.15,-2.76,4.96,0.09,8.98
-2.58,-2.08,8.66,-1.69,7.8,2.56,2.51,8.37,7.89,0.21
8.19,-0.92,3.72,5.09,2.45,-2.92,4.64,1.76,-2.77,1.22
5.24,-0.42,7.27,5.16,0.7,8.57,8.3,0.94,3.53,-1.62
-0.09,3.94,-0.7,-1.43,5.25,-2.9,4.12,-2.25,8.47,2
0.95,6.65,4.08,7.66,1.73,9.53,7.74,9.36,1.28,7.97
0.58,9.51,-2.45,-2.16,4.67,1.24,9.41,2.96,5.17,2.93
4.34,8.08,9.86,6.64,9.64,5.11,6.73,3.75,5.85,5.19
8.75,9.8,1.83,2.83,7.46,6.55,2.35,5.19,5.91,6.62
3.16,9.48,6.13,3.7,-2.69,0.8,7.94,9.71,6.75,3.1
2.64,1.09,1.18,2.49,-2.28,0.82,-2.41,7.45,7.56,6.44
2.63,6.31,6.23,7.46,-0.87,3.69,4.01,4.48,-1.12,-0.09
1.1,5.03,-0.62,-2.77,-1.27,-0.31,1.02,9.66,-0.61,-2.23
2.76,5.02,1.85,6.93,-2.49,2.57,-2.26,-1.9,0.02,8.3
7.54,5.64,4.61,3.77,3.1,6.74,-2.55,-2.9,1.21,-0.68
0,5.3,7.35,2.38,5.52,9.07,5.06,9.54,8.72,7.45
0.03,141.12,342.27,483.9,189.65,932.09,1982.91,488.7,1757.61,241.76
-2.57,1.6,6.36,5.04,8.36,-0.54,1.77,8.81,-0.45,5.97
-1.88,2.55,1.27,8.46,7.92,9.79,7.53,2.97,9.32,6.24
0.42,9.61,-2.29,5.88,1.75,-0.9,-1.15,-0.55,1.24,5.91
0.17,1.67,-2.49,9.53,9.7,8.86,-1.01,1.46,7.67,1.53
-2.57,8.78,7.07,1.69,7.24,4.99,1.47,4.76,-2.04,0.78
1,1.37,0.38,1.7,-2.76,5.13,3.8,-0.91,7.58,8.03
7.99,-2.25,-0.3,8.49,-2.73,-0.61,7.35,-0.75,3.84,5.01
3.78,4.27,3.79,0.85,8.95,1.03,8.83,0.42,8.78,9.79
4.2,-0.22,1.15,7.58,4.47,1.39,2.7,-1.73,3.47,0.27
9.3,1.46,1.01,-1.01,-0.06,1.28,1.38,-2.71,3.53,8.22
5.29,-2.7,2.48,-0.92,1.14,1.43,3.1,-0.03,4.84,1.88
-0.25,-0.96,4.65,3.9,9.61,-0.88,8.29,2.31,0.39,1.76
5.57,-0.31,6.21,9.58,1.67,9.15,0.85,6.04,9.43,7.37
4.26,4.72,7.67,9.73,6.8,-1.19,1.15,-0.11,1.78,8.99
4.77,4.52,-1.98,-0.58,-1.58,-2.37,1.53,9.7,2.93,4.92
1.45,-1.5,7.6,-2.34,-1.93,-0.73,9.8,1.92,8.31,9.22
-0.71,2.56,3.94,9.95,2.28,0.73,-1.24,6.43,3.62,3.53
5.41,-1.62,-1.95,6.43,0.79,-0.53,7.05,5.32,-0.84,-0.02
0.23,3.61,1.47,-2.17,4.26,2.53,0.09,4.06,7.45,-1.61
3.27,9.73,3.94,-2.79,9.68,9.22,0.93,-1.57,5.64,7.55
4.96,1.05,8.92,6,-2.52,-0.29,8.46,7.53,8.02,-2.38
-2.5,-1.75,4.23,1.97,-0.92,-1.51,7.5,2.16,5.54,4.94
3.55,-1.19,4.66,-2.51,-0.99,4.33,9.7,2.94,5.76,5.34
0.48,0.71,9.39,-0.6,9.71,9.86,2.1,8.16,7.38,0.12
8.78,7.88,1.37,3,-0.16,3.44,4.48,-2.67,8.59,0.02
5.26,2.13,1.82,-0.08,2.61,3.82,7.25,2.31,9.76,3
-2.36,0.23,6.7,-2.98,2.62,6.4,9.88,7.72,4.56,7.25
-2.17,3.34,5.13,2.19,9.34,7.96,8.62,3.82,8.29,7.21
6.83,3.55,-0.66,-1.36,6.46,4.95,5.46,3.71,-2.74,5.21
9.7,-2.11,8.44,6.4,-2.09,1.06,2.8,-2.21,-1.23,-2.64
8.03,-0.41,3.69,3.16,4.78,3.02,1.11,3.4,9.83,-0.6
0.61,6.65,5.94,2.94,8.29,2.4,-2.11,3.74,9.1,-1.86
-1.05,8.8,-0.97,-2.62,5.19,-0.06,1.43,-2.01,0.72,3.2
-1.66,-1.25,5.79,5.03,4.9,0.57,-1.95,9.01,6.96,-2.12
-1.6,-2.43,7.53,7.33,3.5,5.81,-0.27,4.39,-0.45,-1.18
5.52,1.49,-2.39,7.55,1.87,5.8,-2.52,6.3,6.78,1.19
-0.51,8.12,2.94,8.28,3.15,-2.17,-1.16,4.19,9.84,8.8
5.06,-1.77,9.36,2.58,8.56,2.86,-1.61,-1.72,-2.76,0.93
0.09,5.75,5.42,0.7,3.3,-2.72,9.5,3.77,6.58,6.28
7.96,9.07,4.4,0.9,7.34,-2.46,1.72,9.18,4.73,1.55
7.97,-0.22,2.78,7.32,5.36,1.33,0.17,6.74,2.6,0.4
-2.33,5.69,9.15,6.08,9.39,2.44,6.36,8.89,9.21,2.94
5.16,7.17,2,-0.45,-1.94,-0.66,0.08,2.78,-1.49,7.8
7.33,9.48,-2.42,0.1,6.8,5.94,4.43,9.96,2.68,-2.97
0.36,3.34,5.72,-0.49,-0.58,5.1,4.95,8.78,3.98,4.15
1.72,-0.86,1.32,6.72,1.68,2.37,9.05,4.76,8.14,-2.44
2.56,5.46,-2.96,3.13,8.56,6.83,-0.93,2.98,6.78,4.74
3,-2.86,-1.93,-1.29,-0.36,0.49,6.81,7.58,-0.73,0.78
1.73,3.98,2.91,6.05,0.69,7.59,-1.59,-0.27,2.34,9.55
0.29,7.89,5,0.32,1.02,3.55,-2.86,3.08,9.53,6.92
-2.19,2.52,7.06,-1.12,4.23,9.69,2.37,1.03,7.27,4.63
4.81,-1,-1.4,-2.29,8.04,2.28,8.3,9.44,5.01,0.63
8.98,8.3,-1.48,3.98,-1.38,2.54,-2.47,-1.24,8.62,-2.95
8.68,9.43,2.57,5.73,-1.7,9.79,5.41,3.67,0.82,2.68
-1.71,8.62,4.67,-0.11,9.33,2.71,5.17,7.62,2.15,0.18
-1.75,1.13,-1.52,-0.23,8.1,0.09,5.3,8.63,1.84,3.91
8.68,0.52,3.34,1.24,9.24,4.64,1.03,4.65,-1.7,4.84
-2.68,-0.41,3.45,4.99,2.47,2.78,-2.31,-2.36,0.39,2.83
0.81,1.63,6.95,2.28,4.4,5.05,5.37,-0.31,3.67,-2.79
6.6,2.34,0.72,-0.06,6.58,-0.05,7.57,-2.39,7.59,8.86
5.44,7.9,-1.56,-1.11,2.89,3.91,4.66,3.57,4.54,8.05
9.4,8.34,-0.32,6.34,0.62,7.07,1.39,8.98,9.76,8.06
9.18,6.36,0.39,-0.11,9.29,9.97,2.83,6.85,-2.43,0.42
5.7,6.01,-1.69,7.14,7.89,4.19,1.04,2.55,-2.24,8.57
0.59,-2.85,6.9,3.27,6.49,-2.49,0.33,-2.12,9.49,0.08
8.93,8.66,9.43,-0.68,-1.46,8.71,-0.72,4.37,5.55,-0.15
7.78,1.25,8.85,9.08,-1.62,6.74,3.27,2.41,-0.71,4.03
0.97,2.88,4.18,-2.13,9.14,0.67,-1.62,-0.54,1.54,-2.14
2.54,0.46,9.51,1.96,2.77,-1.95,0.67,5.05,5.41,9.22
7.89,3.18,0.46,6.74,2.26,1.83,3.47,8.53,7.24,5.75
2.55,-1.79,-1.38,9.72,-0.93,-2.24,0.39,0.45,0.21,4.92
1.3,5.75,8.38,0.81,-2.29,1.15,1.85,1.37,9.19,-2.75
0.59,7.08,3.42,4.04,3.81,8.67,8.87,-2.73,7.19,6.11
6.02,-0.26,7.31,7.64,-0.54,9.37,8.39,2.84,-0.19,-1.4
-2.24,4.11,7.34,9.13,7.91,8.05,0.27,-0.25,-0.59,-0.54
0,3,9.53,6.41,-2.97,3.33,5.08,8.9,3.6,2.27
5,-0.38,5.01,2.3,-2.74,7.46,1.67,8.64,0.3,4.48
-2.76,1.05,-1.42,7.58,0.18,9.49,5.62,3.45,-0.76,8.03
5.9,2.23,1.02,5.42,-1.36,1.04,-1.25,6.72,-0.06,5.35
-1.02,7.93,7.97,6.99,0.23,8.22,4.44,4.9,6.86,7.74
-0.63,7.09,-1.21,0.95,4.66,1.96,0.43,0.27,8.4,2.67
-1.71,4.29,7.9,2.3,-0.29,9.53,6.34,1.46,6.24,9.27
9.81,8.22,7.2,7.77,5.2,-2.57,5.99,-0.36,5.32,2.84
-2.63,7.69,-0.08,-0.85,-1.37,7.57,4.11,2.06,-2.16,2.5
7.73,-0.88,9.79,5.62,4.42,-0.5,5.14,0.75,3.96,1.38
0.02,3.76,-0.4,-2.78,1.53,7.8,-2.36,-2.49,-2.57,5.96
3.35,-2.2,3.64,6.26,-0.05,5.27,3.83,7.05,-2.68,4.66
-0.45,8.04,6.78,-0.66,3.65,1.19,1.83,-1.21,4.94,8.79
3.17,7.96,2.54,5.76,8.17,7.07,3.55,8.81,7.58,3.98
4.76,0.92,4.77,-1.6,-2.82,7.72,6.66,4,4.77,6.97
-1.34,7.31,5.01,8.44,9.65,-1.34,-0.37,1.48,0.45,7.56
0.26,6.61,5.52,5.8,2.37,3.68,2.86,8.91,2.49,0.43
2.89,-2.76,4.35,-2.34,-1.37,4.52,8.37,8.29,-1.48,3.13
5.26,0.17,0.44,0.26,-1.4,0.08,1.92,1.22,4.55,5.36
-1.22,7.81,1.96,7.29,3.6,7.32,0.97,9.45,6.23,6.45
-0.12,-0.88,6.69,7.23,-0.23,8.32,1.74,-1.87,6.6,3.25
4.26,1.85,6.42,7.69,5.11,8.02,-2.23,-2.98,-0.77,5.32
5.37,1.01,3.12,-2.67,-1.71,9.71,7.65,2.26,9.16,3.88
-1.3,-0.97,5.99,8.38,9.26,8.75,6.69,0.99,9.88,3.29
0.79,276.93,858.29,775.44,753.62,1211.57,1095.77,1522.18,1942.73,2406.9
-2.11,-1.38,7.9,4.01,-1.05,9.18,3.71,9.59,1.43,2.86
3.47,3.13,4.89,-0.55,1.51,4.14,-1.8,-1.8,8.13,-1.93
4.48,5.37,5.2,2.61,-0.98,-2.98,8.84,3.68,2.59,2.08
-2.43,3.48,3.7,8.47,-2.52,5.64,7.64,4.19,5.23,-0.93
-2.95,-1.31,5.2,4.93,1.14,9.7,-0.94,2.33,-2.1,-2.81
3.4,5.37,5.55,-1.4,-2.02,7.56,-1.39,9.81,1.24,4.2
1.89,1.81,-2.33,8.58,0.27,-1.85,4.21,-2.09,5.34,-0.57
-0.02,5.38,1.12,8.17,0.3,5.25,7.87,2.36,-2.43,8.76
2.55,3.97,4.13,-1.91,5.56,5.1,8.65,7.16,4.9,-0.12
1.35,9.78,4.69,2.02,8.36,7.95,3.17,2.57,8.85,-1.5
5,-1.17,6.88,9.11,9.99,-2.82,4.35,7.86,2.53,4.92
6.61,8.07,-1.12,0.73,9.16,7.44,8.82,7.8,4.59,3.72
-2.32,8.94,3.49,5.37,0.96,1.85,3.31,7.12,7.41,2.16
8.62,2.4,3.99,5.49,1.5,3.97,5.66,8.85,1.83,-1.81
3.76,-1.57,9.26,5.64,2.16,8.41,3.07,0.98,6.21,-2.34
7.69,6.89,9.6,1.18,2.26,0.55,6.02,8.57,-2.34,3.43
0.73,9.28,8.82,7.71,4.77,0.32,1.68,0.43,-0.84,6.5
1.61,5.92,7.93,0.87,1.56,0.08,-0.72,7.62,4.05,8.49
8.28,1.74,5.37,7.87,5.91,-2.37,-1.59,1.93,9.19,-0.93
8.35,-0.09,-1.65,7.16,-2.39,6.11,-2.52,2.28,9.53,-0.37
-1.22,1.14,8.55,9.7,5,0.1,-0.22,7.27,-2.28,6.83
5.75,8.99,-1.44,1.12,6.85,7.47,1.74,8.26,-0.61,0.93
-2.68,-2.26,3.83,-1.33,7.9,4.44,7.77,8.37,9.71,7.3
-2,-1.51,-1.57,9.54,-1.82,6.42,-0.36,0.96,3.69,0.35
-2.22,-0.56,-0.67,-0.66,3.56,9.18,9.8,8.3,7.43,-0.81
-0.78,7.75,-0.08,6.04,9.41,-2.19,0.47,7.18,9.17,0.18
4.47,-2.84,1.67,5.9,9.7,2.84,2.32,-0.67,6.79,9
2.68,7.57,-1.56,5,9.9,4.99,4.18,9.7,3.28,1.61
-1.12,5.49,-0.64,1.79,1.53,-1.23,2.6,5,8.94,1.76
8.18,3.41,1.92,-0.16,-0.7,1.62,5.68,4.61,3.95,2.47
3.61,9.62,0.03,5.05,4.62,-0.08,0.03,-1.21,-0.39,6.31
3.39,1.49,1.8,5.74,6.28,6.33,7.51,-1.13,1.32,6.44
3.63,-0.5,-0.16,8.55,2.33,2.14,0.16,-2,9.75,7.11
3.46,3.36,6.72,6.49,-1.6,1.33,9.41,1.43,3.12,-0.98
-2.27,9.51,3.5,2.52,5.25,-0.23,-1.15,2.75,1.63,3.16
-0.82,8.25,5.65,2.02,6.8,-2.02,7.16,9.95,-1.02,6.9
7.06,5.44,0.26,3.77,1.92,1.65,8.1,1.32,6.07,1.21
3.33,6.8,0.71,9.83,-0.68,8.96,-0.41,1.16,1.7,4.22
7.32,3.88,2.47,2.97,8.9,-0.74,3.94,6.05,-0.79,5.91
2.95,9.26,1.34,6.2,3.03,6.26,-2.15,1.12,-2.43,6.91
5.33,3.9,3.71,9.04,3.72,6.02,7.99,6.31,-2.83,-0.32
0.52,7.48,6.56,5.99,0.44,5.45,8.24,7.38,1.49,-2.55
3.29,7.44,9.7,7.63,3.64,2.73,3.88,4.48,6.84,4.45
1.39,2.16,-1.66,8.09,1.19,5.06,4.1,-0.82,1.36,4.27
1.85,4.88,1.75,-1.6,0.86,5.19,6.85,-0.9,2.56,-1.66
-0.46,8.84,8.77,-0.76,6.47,2.4,4.96,0.34,9.87,1.8
7.78,1.25,6.95,9.12,-0.66,-1.86,4.17,6.43,0.31,8.53
0.69,5.16,3.41,5.43,6.56,7.27,0.61,3.41,9.36,6.17
4.74,-1.1,5.01,3.5,1.14,1.47,8.9,9.1,4.8,8.77
0.89,2.58,0.02,-2.16,1.69,2.35,-1.02,8.85,-1.22,2.29
7.38,2.47,-2.56,0.78,-2.11,7,-1.96,1.5,0.4,-2.6
-2.33,8.13,-0.71,5.67,1.63,3.43,-2.86,0.53,2.52,4.94
-0.7,6.41,-2.49,2.31,7.24,2.19,7.66,9.21,1.04,9.43
1.49,-1.59,1.89,1.93,2.19,2.78,-1.07,3.22,7.28,2.32
3.62,7.95,0.45,5.91,3.62,5.08,-0.67,3.75,8.6,4.85
-1.32,-2.1,1.25,-0.82,3.2,-1.52,4.37,0.86,-2.31,8.4
0.28,2.18,9.81,5.17,7.1,2,-2.05,9.02,8.22,8.23
1.34,1.83,6.17,4.79,-2.27,-0.22,-0.14,0.06,6.52,-1.54
7.9,8.2,-0.65,-0.86,-2.63,5.55,0.62,4.74,9.4,1.3
3.14,-0.32,6.48,2.94,7.84,3.57,7.94,8.79,2.59,6.15
7.01,6.93,-2.03,3.18,1.71,-1.3,5.95,4.56,1.75,2.47
6.01,-0.36,0.66,8.36,1.78,1.03,3.9,5.4,8.76,3.29
9.7,1.9,5.96,6.17,7.83,3.8,-0.27,5.77,2.59,5.32
1.91,-0.4,2.24,2.88,5.77,6.94,4.57,1.72,1.5,9.32
7.18,-2.5,-1.05,-2.16,8.86,3.73,1.87,2.75,-0.88,0.63
9.03,-1.19,5.52,4.99,7.97,3.35,-1.21,-2.3,-0.89,4.37
6.02,4.01,6.97,-1.75,9.88,2.73,8.19,4.45,7.44,-0.32
3.76,4.62,0.18,5.71,5.46,-0.97,-0.57,-2.68,4.77,1.55
0.94,3.8,3.36,9.45,-1.21,1.33,2.79,0.58,2.02,4.89
7.94,-1.97,-1.1,4.91,-0.72,-1.23,-2.37,-2.54,6.22,8.07
0.13,-0.03,2.68,3.31,8.67,-1.86,5.33,-1.9,-1.55,0.1
2.65,2.38,6.9,9,1.82,8.68,0.32,7.61,-0.75,5.34
2.49,-2.81,6.37,4.38,5.09,8.64,6.15,5.72,9.1,2.36
3.78,-0.77,5.33,9.46,5.53,4,-2.41,0.85,5.1,-0.96
3.95,-2.26,4.41,0.84,9.73,9.23,-0.49,0.05,6.83,1.76
8.39,-0.68,1.94,4.75,6.69,-2.97,3.39,2.84,5.74,2.48
8.2,-0.48,4.7,3.52,-1.02,0.22,-2.49,-0.44,4.07,5.6
1.6,-1.99,6.34,9,1.85,6.07,8.23,4.35,9.11,5.05
9.1,7.49,7.36,1.04,2.24,4.05,1.07,8.62,9.88,9.8
1.09,8.08,-0.68,8.79,1.59,1.29,-0.99,2.1,3.85,6.07
-2.3,8.44,7.08,7.03,7.44,-1.08,3.09,5.66,6.27,2.2
0.71,5.37,-0.31,-1.93,9.41,4.93,5.11,0.47,3.54,4.99
0.27,7.63,3.06,2.58,6.41,7.65,6.87,8.42,-0.25,0.71
4.48,0.44,-0.85,1.56,-2.53,9.58,3.48,3.56,5.23,-0.26
8.75,8.93,8.11,-1.56,9.99,7.51,6.36,5.1,-2.03,-0.1
0.09,1.24,-2.47,6.15,6.81,6.93,3.79,3.67,5.34,6.53
7.38,-0.18,9.97,9.52,4.38,-2.57,9.09,-2.15,3.98,4.32
0.59,2.73,3.25,-1.31,4.17,3.24,9.2,0.53,-1.66,-2.83
3.42,1.42,1.4,3.94,-2.44,-1.79,0.87,4.34,4.87,9.21
0.87,2.25,-0.97,0.83,1.76,6.4,1.26,0.85,7.25,8.23
8.17,-2.16,0.96,1.42,-0.47,8.12,7.65,-1.28,-1.36,8.98
-1.11,5.06,0.4,3.28,-1.01,0.95,4.48,2.86,8.29,-0.65
2.07,-0.84,4.59,4.09,2.98,9.35,0.49,7.24,0.2,-2.27
5.46,-1.63,-1.43,9.41,2.78,1.09,7.52,0.42,2.81,9.16
-0.6,4.69,4.21,2.8,-2.04,6.2,6.74,5.44,-0.95,5.03
7.78,4.12,7.18,2.37,-1.8,0.16,1.71,1.68,-2.61,4.91
2.41,5.85,6.27,3.97,5.25,-0.96,8.06,2.77,2.46,0.86
1.93,4.86,8.54,9.13,-2.35,9.5,5.32,7.39,4.93,7.37
2.41,2.7,1.49,-0.41,8.07,2.68,2.74,-0.23,7.36,3.13
0.83,131.74,190.21,968.23,1802.78,2363.48,2495.43,2530.52,1132.28,634.87
8.65,4.91,6.29,7.18,4.03,6.94,6.68,-0.65,4.32,1.6
9.72,9.73,7.3,1.2,-0.69,5.36,6.88,5.05,8.13,4.23
-1.82,5.8,7,0.14,-0.26,3.73,-2.64,8.71,-1.48,0.34
-2.85,-2.84,8.25,6.43,7.34,2.27,3.37,4.01,4.62,-2.32
8.6,4.34,-2.6,5.9,8.53,-0.29,1.25,5.4,7.76,-0.63
-0.37,8.93,8.17,9.62,-0.93,-2.1,3.35,-0.57,9.61,4.86
2.76,9.75,5.02,1,6.18,2.35,6.27,-0.46,9.36,0.89
0.22,7.96,8.22,0.62,3.85,6.75,3.33,8.1,2.14,1.08
-2.54,4.77,0.01,8.63,4.39,2.08,9.52,-2.26,4.5,9.13
5.6,-2.74,8.88,0.61,1.26,5.06,5.96,-2.47,7.6,5.32
1.41,-2.19,3.27,-0.38,1.43,-2.88,9.37,7.75,8.21,1.51
-1.17,8.66,9.27,1.83,7.28,3.66,6.9,6.8,4.39,1.4
5.93,-0.02,1.65,4.81,3.59,5.91,-0.14,-0.45,6.43,-2.54
7.86,-2.17,-1.74,1.13,0.45,2.69,1.24,-0.19,0.43,-0.56
4.32,2.26,-1.9,3.58,7.08,8.38,-2.76,3.98,5.18,4.62
8.38,1.1,7.6,0.02,8.9,1.19,8.93,-1.24,3.73,5.35
-0.79,1.58,6.18,0.47,5.7,9.63,6.16,9.94,-0.56,9.58
-0.63,6.75,1.83,0.47,0.32,-1.09,-1.16,0.55,5.89,7.01
8.17,4.26,-1.89,5.77,7.28,-2.99,9.95,6.2,-1.23,3.67
1.54,0.98,8.25,-2.29,4.44,3.95,-2.67,0.59,3.88,-0.23
0.17,6.25,9.51,5,9.71,-0.18,6.9,-1.46,3.37,2.79
8.55,1.54,-2.96,9.66,-2.7,7.31,9.66,-2.76,3.5,-1.58
3.9,8.04,2.39,2.15,8.75,9.83,9.09,9.08,0.42,2.96
-1.16,3.59,-0.8,-1.66,-1.42,-1.09,1.16,8.48,0.44,7.53
1.26,-1.01,-0.94,1.3,-1.36,-0.65,-1.4,-1.71,-0.41,5.1
-0.29,6.49,3.14,5.1,-1.37,1.88,4.92,-2.29,0.95,8.34
3.67,2.78,1.92,5.86,4.11,3.49,7.77,8.27,1.97,-1.79
5.79,6.23,0.19,7.84,-2.48,1.82,-2.81,-0.89,3.11,-0.22
7.21,5.82,9.26,0.34,0.92,-2.12,5.22,8.84,-1.41,9.16
7.17,5.25,1.94,-0.92,1.11,9.05,5.57,-1.13,7.31,-2.46
0.07,3.09,6.76,3.26,0.93,7.27,8.08,1.11,9.38,1.19
3.88,6.59,10,3.14,9.92,0.91,4.02,5.13,-0.25,5.6
4.29,9.91,0.85,9.22,-1.01,4.95,8.26,7.56,6.82,5.57
8.09,9.89,-1.35,4.85,3.14,2.58,2.11,1.21,6.69,1.49
5.39,0.57,-1.93,5.39,6.7,-2.02,9.3,0.71,6.11,-0.96
9.31,0.4,-1.06,0.15,-0.39,0.93,8.09,-2.13,-1.51,4.91
6.43,9.57,4.79,8.08,4.41,-2.08,0.66,9.52,2.12,-2.66
1,-2.49,0.9,2.06,5.89,-2.4,3.04,5.19,1.3,-0.85
7.22,0.6,2.54,9.16,3.75,5.15,0.09,1.83,6.01,1.57
9.74,2.44,1.13,4.52,0.52,8.54,5.43,4.17,8.06,-2.45
4.5,-0.94,-1.94,8.4,4.12,6.95,8.99,-2.85,2.13,0.29
-0.7,-0.66,3.89,4.83,-1.5,-2.37,-0.03,1.58,2.46,8.98
6.14,2.19,1.41,-2.73,9.7,4.92,8.81,5.13,-0.91,6.86
5.68,6.59,8.92,6.73,4.99,3.03,3.67,3.97,3.17,8.8
7.26,5.46,-1.86,1.14,0.29,-0.37,1.77,3.25,4.21,7.22
2.22,0.35,-0.6,6.63,0.61,-0.9,1.55,-0.58,7.23,3.63
9.27,2.9,0.22,8.19,-0.37,8.2,1.21,6.3,2.17,7.38
5.09,-0.58,2.83,6.23,3.56,6.12,8.85,8.32,-0.64,3.06
5.54,4.58,6.4,7.94,1.2,10,-2.97,5.75,-0.58,7.26
-0.62,-1.32,0.15,2.59,9.86,2.78,0.78,1.07,-0.93,5.95
-1.56,7.16,8.36,4.26,3.38,1.92,0.38,2.23,0.23,2.74
8.28,8.77,-2.69,4.67,6.7,1.51,4.67,6.72,-2.75,7.08
3.97,-0.37,8.76,7.12,5.21,8.62,-0.11,8.99,-0.32,1.96
4.93,1.11,-0.89,3.29,8.37,5.49,8.2,-1.25,-2.29,-1.57
4.48,8.99,-2.81,4.78,3.65,6.88,9.29,-1.68,3.6,9.54
8.4,-2.43,-0.84,7.16,7.68,7.37,5.78,-2.43,6.35,8.46
2.53,1.28,-0.43,4.64,7.56,-2.06,0.12,5.76,-0.32,0.82
7.18,7.15,-0.19,7.37,1.93,6.46,4.25,1.21,7.77,-2.16
0.75,6.17,-1.59,2.91,3.33,9.09,0.27,-0.9,9.65,9.61
-2.45,2.18,0.88,0.12,9.81,-1.56,1.05,-0.08,7.19,3.72
3.74,4.37,0.87,6.54,1.74,5.79,2.99,8.98,10,0.76
9.82,0.74,9.93,-1.78,6.65,3.25,-2.7,9.91,5.35,9.95
9.51,5.9,2.13,0.39,9.01,1.93,1.83,0.05,4.85,-0.98
6.77,-1.42,6.39,-2.37,8.12,-1.88,6.42,1.11,-2.9,6.41
4.86,9.92,-2.85,4.78,-1.87,6.79,-1.97,-1.57,6.7,6.37
-1.62,6.2,2.26,3.51,9.59,1.27,8.43,1.42,4.32,3.27
3.43,1.08,4.85,-0.18,1.71,2.96,0.93,-1.88,7.06,1.03
7.53,1.92,0.94,7.68,9.7,2.07,4.47,-2.28,3.5,1.16
7.09,4.88,-2.64,-0.65,-1.62,9.94,3.61,9.8,1.36,-2.08
3.07,7.78,2,-2.09,-2.41,6.7,3.87,1.52,7.81,0.93
5.55,5.34,5.85,9.48,3.01,5.54,1.55,-2.53,6.26,8.04
1.63,3.35,2.91,1.98,5.69,4.28,1.92,-0.7,4.08,6.27
0.22,-2.85,4.05,5.21,-1.94,4.64,1.9,4.93,9.16,-0.29
8.85,4.7,8.05,4.7,4.18,1.06,0.24,8.72,1.53,9.5
6.75,6.15,2.84,-0.34,-1.88,-1.47,6.94,3.04,0.82,1.02
-0.7,4.03,1.16,6.35,-0.76,2.21,0.99,4.14,-2.87,0.14
6.85,8.98,7.84,4.89,3.68,2.01,8.94,6.91,0.72,0.46
6.4,-2.53,9.6,-0.77,0.12,-2.28,0.75,-2.95,3.75,4.57
1.06,6.05,-1.4,5.22,2.4,0.83,-2.58,6.38,7.97,-2.45
9.52,4.81,9.53,7.35,-0.3,3.2,-0.65,-1.37,0.1,3.07
2.09,9.49,3.53,1.69,-1.28,6.65,2.4,2.47,6.69,9.15
-2.97,-2.25,5.2,-1.37,5.97,-2.4,2.46,6.38,6.98,0.42
6.93,6.49,8.23,6.45,3.84,-2.08,-0.36,6.19,-0.46,2.74
-0.75,4.62,2.23,5.78,9.31,3.94,2.42,1.7,9.41,-0.89
0.85,9.44,-0.14,9.05,-1.94,8.82,9.65,3.52,5.2,6.62
6.93,2.12,3.1,5.15,-1.43,9.94,6.06,1.2,6.12,8.6
6.94,8.36,3.22,-0.84,4.13,2.52,6.1,9.55,7.22,5.51
-1.35,-1.93,4.94,1.5,-2.89,6,0.32,9.75,-0.49,8.51
6.37,9.44,0.62,-0.53,4.58,2.18,-0.6,0.64,6.38,8.51
-0.76,3.32,6.87,5.45,5.47,1,-2.04,1.57,0.54,8.18
-2.92,2.19,9.24,5.01,6.69,9.34,1.01,10,9.09,3.51
8.5,5.45,2.94,-0.88,7.91,-2.48,4.29,-2.7,1.16,0.67
8.81,3.39,6.98,5.67,-1.17,2.45,9.66,-0.21,7.02,0.2
-2.04,7.09,5.38,-2.81,2.1,2.06,9.53,6.1,2.06,8.62
-0.39,0.55,4.06,5.54,2.66,1.97,6.06,9.95,2.26,-2.78
0.62,1.07,3.6,-2.41,9.73,5.43,3.04,9.38,8.22,0.05
-0.42,9.17,-2.86,7.95,9.36,2.23,0.01,8.89,-1.68,5.06
7.5,0.93,8.6,1.55,9.47,1.26,6.52,5.52,1.21,-1.22
5.73,4.82,2.84,-0.67,5.41,2.56,7.76,-1.56,1.94,5.97
0.35,406.85,880.23,755.12,1186.1,2027.92,3186.28,3198.99,2766.54,5414.24
0.51,0.87,-0.92,-0.89,5.42,-1.45,3.37,1.93,7.06,7.57
3.7,2.79,2.38,9.53,5.12,-2.21,2.09,2.87,-0.78,7.02
-1.17,3.7,1.53,6.96,8.31,6.98,1.45,5.15,2.43,7.83
3.31,5.94,-1.3,5.39,8.04,7.11,6.93,1.4,-0.96,3.99
-1.03,5.74,9.77,4.35,5.27,4.88,5.13,-2.65,-2.25,7.34
7.37,-0.43,1.04,-1.11,9.53,-0.65,8.87,0.98,7.49,1.3
-1.2,0.8,-2.77,0.49,9.18,8.27,-2.4,6.1,-0.34,-0.36
0.08,1.63,8.37,-0.15,8.97,3.63,7.73,4.09,3.98,8.47
1.43,1.34,-1.96,5.46,3.23,-2.43,7.81,2.09,1.54,5.3
6.38,3.34,9.09,6.61,6.83,8.27,4.87,7.42,4.36,7.53
-2.95,7.44,-0.85,8.42,-2.71,-1.88,2.04,8.01,5.2,9.01
6.48,9.62,0.35,7.52,5.08,6.57,8.08,2.88,-1.34,-0.38
-1.82,8.04,5.95,-2.74,4.64,2.77,8.52,-0.49,0.19,2.88
-2.96,0.24,0.32,-0.81,-1.35,0.6,0.3,3.68,-1.39,8.49
2.69,8.09,8.11,6.03,5.6,3.19,2.6,3.68,9.07,4.26
6.29,-2.76,2.29,2.23,-2.51,9.93,8,9.01,-0.56,-1.81
1.88,-0.53,1.42,5.19,1.65,3.07,8.79,4.95,9.75,-2.61
3.44,2.43,8.47,1.54,-1.54,4.07,7.73,4.06,-2.26,6.79
-1.69,7.02,7.03,3.6,-0.75,7.52,3.52,-2.75,6.52,5.96
-1.57,-1.6,8.42,2.85,6.59,0.07,8.91,5.37,8.01,8.65
5.75,1.44,1.08,4.22,5.98,2.54,-1.72,3.7,9.59,-0.98
0.49,-2.11,9.04,-2.48,4.49,-1.72,8.03,-1.99,-1.47,4.54
6.96,-0.04,5.94,5.37,5.8,2.52,8.44,4.71,-2.12,6.44
3.36,6.62,-2.12,7.43,0.84,6.86,-0.04,2.12,0.55,-0.45
4.13,4.04,0.44,3.16,4.55,7.92,4.44,2.57,8.92,5.97
-2.89,5.87,8.92,6.04,1.24,4.72,-1.45,-0.33,-0.57,-0.57
9.11,5.78,9.04,9.98,3.2,-0.12,6.83,6.16,4.99,-2.62
8.7,-0.88,4.42,-0.87,5.28,-1.03,-2.96,-0.28,4.54,8.95
8.68,4.65,4.82,7.6,0.68,9.05,2.32,2.23,-1.29,4.74
4.65,-2.18,0.51,3.69,-2.21,6.71,6.57,7.62,2.86,1.55
8,1.56,3.67,2.42,3.68,-1.06,4.38,3.72,1.65,-1.08
2.67,0.33,6.56,-2.52,-2.08,-2.76,9.52,3.23,2.46,-1.77
-2.04,-2.89,-0.96,1.47,3.8,-0.17,-1.83,0.36,-2.55,4.03
4.91,8.45,8.59,-1.43,0.86,2.26,0.5,8.24,8.98,5.15
-2.85,1.64,8.47,6.71,2.12,9.38,6.94,1.64,2.61,-0.6
2.86,3.56,-0.49,4.9,8.02,6.3,7.72,9.19,9.65,8.17
3.22,4.55,6.61,1.8,6.12,-2.53,7.06,9.62,8.7,6.03
4.76,8.85,-2.33,3.22,5.56,2.78,2.6,2.49,7.42,8.2
4.89,0.27,1.76,7.39,8.17,-0.23,3.68,5.88,-1.04,3.33
4.04,5.17,-2.12,0.65,9.96,6.99,1.11,7.01,6.6,-0.2
3.03,1.36,-1.35,3.7,7.58,7.2,9.48,0.18,-0.31,6.89
-1.63,7.57,-2.85,3.12,4.95,8.31,5.89,-1.37,4.19,7.85
4.96,-1.77,3.01,5.83,1.87,2.96,2.82,5.98,-0.03,-0.58
8.78,6,3.77,-2.58,-0.31,1.35,7.62,-0.84,4.52,-2.7
9.04,5.88,7.87,9.19,-1,2.82,7.5,7.89,4.44,1.69
5.73,-0.61,2.92,-1.27,8.22,7.79,4.69,1.03,3.76,7.66
3.44,2.53,3.65,-2.79,2.94,6.33,1.55,0.55,8.49,9.07
0.85,7.53,4.95,-1.29,6.71,6.94,4.52,4.21,4.83,-1.04
8.89,0.56,1.35,1.81,2.28,-0.44,-0.41,9.97,3.59,6.34
7.62,-2.98,-1.14,1.27,-2.77,4.8,-2.4,1.78,8.35,9.08
0.84,-0.81,6.61,8.79,0.9,3.32,5.73,8.42,-2.48,0.55
-2.63,9.41,4.1,1.71,1.21,9.38,4.27,3.79,9.35,-2.15
0.12,6.97,-2.13,1.98,-1.77,-1.9,9.77,-1.18,2.87,8.11
-2.1,6.71,-2.7,7.5,5.49,1.19,0.81,1.21,-0.4,1.33
4.76,-0.03,0.73,-1.15,4.68,4.94,-1.77,-1.06,-1.27,-2.43
-0.22,1.84,7.53,0.65,6.82,8.76,1.74,6.58,-2.43,7.61
4.68,-1.53,4.31,4.97,8.97,-0.2,9.16,-0.23,4.01,-1.25
4.1,-1.24,1.72,7.83,0.61,9.39,2.76,1.83,-1.68,4.48
2.4,1.1,9.32,-0.08,4.75,6.13,-1.32,9.48,2.7,-0.76
7.08,-2.62,0.71,1.39,5.35,-0.33,4.19,4.5,2.43,-1.81
6.25,9.53,-0.06,-2.04,7.35,3.55,-2.66,0.1,8.37,-1.34
7.57,0.76,2.75,6.89,3.68,-2.51,3.01,5.35,9.97,8.71
7.59,7.05,9.08,-1.71,-1.57,4.42,0.96,5.61,-1.09,6.38
6.8,8.16,5.91,9.74,9.11,3.25,3.28,9.44,6.34,1.65
-1.91,3.91,5.41,3.84,0.79,-0.91,4.33,6.8,7.44,4.29
5.5,5.02,1.33,4.58,6.31,2.76,-1,-2.74,-1.63,0.91
6.64,8.16,-0.94,2.54,7.89,-1.84,8.78,1.17,-2.4,5.12
5.81,-1.32,-0.97,1.22,5.52,2.82,3.3,-0.16,-0.39,0.73
7.13,8.11,8.75,-1.55,2.69,5.05,4.2,4.68,5.31,5.56
8.58,1.94,3.72,-2.37,7.48,1.61,-1.21,6.26,5.77,-0.62
1.37,1.57,1.05,3.39,5.79,9.57,9.2,-0.92,-0.6,-1.19
2.8,9.53,9.92,1.54,-2.03,2.6,9.59,5.17,-2.73,4.9
0.73,8.85,9.84,7.45,9.47,7.31,-0.95,-1.75,3.56,7.81
0.62,7.93,-0.62,4.67,1.32,8.16,4.23,0.52,-2.77,6.63
2.33,3.03,6.15,2.24,7.57,7.12,7.83,7.16,2.29,8.1
2.05,6.02,6.94,1.88,3.46,6.41,-0.82,5.5,7.65,5.74
3.3,-1.73,3.67,5.68,5.94,7.98,3.83,0.17,-1.51,4.06
9.8,3.82,-2.91,5.95,9.05,7.65,3.06,6.88,4.8,8.35
4.97,9.84,4.36,1.91,1.72,-2.18,-1.69,3.89,6.31,8.96
-0.37,-0.39,-2.77,6.29,8.29,6.16,4.27,2.11,9.32,5.76
9.17,9.11,-0.43,9.25,5.05,-1.39,6.89,-1.89,8.49,1.69
9.46,3.46,1.53,3.82,8.36,6.24,4.63,9.67,0.13,0.94
8.62,2.75,3.55,8.84,-0.96,1.83,5,6.3,6.94,4.31
2.06,6.1,3.42,4.62,5.34,-1.53,6.23,2.23,-0.43,4.71
6.91,-0.98,-1.84,-1.56,5.83,9.52,7.67,0.46,9.18,-2.2
4.39,7.8,3.54,-2.07,6.63,5.58,2.75,1.62,1.88,-0.31
8.93,6.93,8.78,2.35,1.54,4.12,3.81,-2.23,9.34,6.37
5.47,6.25,8.39,6.63,7.68,4.22,6.14,5.35,7.67,5.31
6.14,2.06,3.1,-0.32,2.99,-0.27,8.25,8.74,4.35,0.13
-1.58,3.28,-2.95,-2.81,8.62,1.59,4.3,2.42,2.35,3.64
-1.21,-2.18,-0.12,-2.82,7.44,-2.44,4.39,3.58,5.91,2.06
-1.11,2.04,7.12,4.99,4.71,0.1,7.71,2.96,-1.17,2.06
6.08,0.24,8.33,6.13,0.43,6.95,-2.29,7.72,-0.63,3.06
1.36,1.15,3.87,4.23,1.32,1.31,4.79,8.71,7.88,0.69
0.77,9.76,5.73,-2.12,4.74,0.44,0.97,2.45,6.39,2.8
7.51,2.47,6.03,5.84,-1.4,9.45,2.78,-0.69,7.17,5.14
5.36,-1.48,9.29,-0.77,5.75,0.6,3.53,0.54,-0.69,1.4
4.22,3.07,1.16,-0.05,3.94,8.89,3.38,7.9,1.34,-0.23
0.7,-1.16,5.24,9.72,7.67,6.83,9.17,0.45,9.13,6.34
0.9,463.11,1338.59,2008,2394.13,2044.92,564.24,1416,5000.47,2112.9
4.63,1.36,6.82,8.78,4.3,0.76,7.67,-2.33,-1.34,-0.99
0.43,2.35,0.84,8.67,2.07,-1.49,5.49,1.23,1.95,4.62
-2.43,0.53,-0.9,8.43,-1.61,8.8,2.03,-0.16,-0.97,-0.83
3.6,6.65,3.52,0.42,5.42,-2.18,4.17,3.09,-1.51,5.82
5.09,1.92,-1.83,8.93,0.58,3.23,-2.57,9.06,7.45,2.38
3.68,8.02,5.91,5.77,6.44,7.29,4.56,-1.54,-2.87,6.59
0.63,3.73,3.23,7.14,7.14,-1.35,7.96,1.31,4.73,9.44
-2.87,-0.18,1.36,-1.71,-1.26,4.93,4.51,-0.83,3.99,1.96
4.55,-2.34,-0.03,0.45,6.43,9.41,-2.26,0.99,-2.14,-2.14
-2.43,1.48,4.58,3.79,-1.38,1.72,5.43,9.58,6.02,0.16
9.02,6.14,2.98,0.37,7.43,4.72,8.3,1.93,6.88,2.29
6.88,1.43,2.94,9.85,4.87,-0.64,9.25,5.6,3.34,-2.89
6.46,3.9,1.59,1.04,-2.31,3.21,5.75,6.12,2.78,1.77
9.27,1.79,-2.09,2.25,5.16,8.33,9.96,3.45,0.26,6.84
8.73,-2.87,-1.74,1.67,9.98,6.13,4.03,9.22,1.73,-2.63
9.33,-1.82,4.26,0.91,2.22,4.95,7.11,-2.04,1.06,-0.12
2.73,0.33,4.67,3.63,5.57,-0.18,1.96,5.52,6.27,5.21
2.35,4.99,5.34,3.61,9.65,5.32,-0.27,3.67,4.53,4.46
4.03,3.86,5.64,-1.71,7.76,-2.15,6.24,4.87,-1.19,-2.71
7.75,4.53,0.61,2.41,-1.84,9.18,5.23,3.12,4.69,1.49
-1.68,-2.96,9.47,6.66,3.64,9.12,1.97,6.37,2.79,9.5
0.83,9.82,3.35,9.46,-1.9,1.11,-2.7,7.34,8.97,-0.9
7.62,6.71,6.63,-1.77,-0.88,7.79,-2.6,7.34,0.9,5.09
-1.18,2.22,5.13,-1.71,-1.13,-1.24,-2.6,3.83,8.13,3.18
3.32,-1.05,3,9.67,-1.6,4.1,0.77,-1.3,1.43,-0.27
0.8,-0.96,9.44,-2.57,0.27,-1.45,8.21,0.66,8.89,-0.89
8.75,-2.3,4.32,3.87,-1.01,6.18,5.63,-0.62,0.01,3.76
5.56,6.32,5.7,-1.45,5.98,7.1,5.64,9.75,8.8,-2.93
-0.52,-0.4,-0.9,-1.08,0.02,2.37,0.47,-1.77,6.03,-0.65
0.33,4.77,0.05,7.64,-1.37,2.03,3.81,7.26,4.41,6.81
1.01,-0.04,3.13,9.71,1.51,-0.89,6.81,-2.85,-1.14,5.6
-2.79,1.33,8.19,-0.69,3.24,-1.79,4.67,6.7,-0.57,0.69
9.05,2.75,8.46,-0.91,0.38,-2.92,4.11,7.19,7.34,-1.48
4,-1.66,1.48,-2.87,-1.96,5.98,-0.76,7.84,6.13,1.09
3.44,6.34,5.42,1.63,8.64,-1.35,2.83,3.31,8.35,5.25
7,7.39,-2,5.45,9.48,1.38,5.53,3.59,-1.43,2.86
5.1,5.56,4.19,9.57,5.69,5.23,5.55,7.92,3.07,1.67
-0.99,9.5,-2,7.42,1.13,9.64,9.07,6.96,2.95,7.41
2.2,-0.06,4.8,3.2,8.38,4.28,7.57,3.91,-2.14,9.13
9.76,5.96,4.69,3.95,5.52,0.37,-0.82,1.06,-1.71,5.24
5.73,0.29,4.74,6.73,-2.3,8.86,6.36,9.77,5.81,-0.7
7.18,-1.99,2.24,1.98,4.21,0.61,9.25,1.77,7.52,-2.9
0.9,7.28,6.05,8.59,1.22,1.57,-1.05,3.4,5.63,0.24
-1.37,1.35,3.53,6.37,-1.93,4.23,5.23,7.42,3.99,1.03
9.72,1.16,2.04,1.95,6.13,9.25,5.56,5.37,1.01,3.07
5.47,4.91,0.35,1.52,3.49,4.56,6.09,5.44,-2.04,1.71
8.68,-0.41,6.05,2.2,8.95,7.11,9.42,4.17,4.53,3.4
8.2,4.25,7.56,0.24,9.19,3.68,-0.52,4.75,-0.95,3.49
-2.18,7.52,-1.61,1.16,-0.96,4.88,8.71,8.12,0.32,9.67
-0.18,-1.01,-0.75,8.86,4.18,-1.81,5.97,3.6,5.36,0.5
10,3.55,7.74,7.55,6.78,6.93,1.23,9.26,1.67,3.27
2.74,2.48,0.79,4.13,6.63,2.82,-0.99,5.34,0.93,2.32
5,3.74,4.3,7.24,2.6,-1.52,8.43,-1.44,5.08,3.78
2.06,5.07,-2.67,-0.21,2.61,7.1,9.71,6.84,6.36,1.37
0.1,-0.91,6.85,3.89,6.22,3.47,9.7,8.22,-1.2,0.62
0.53,6.8,7.36,7.83,4.04,-0.05,9.31,2.46,1.51,4.38
9.24,6.56,-0.56,9.56,9.35,5.05,6.66,9.05,1.88,3.01
0.42,4.98,5.1,-2.74,-1.14,1.31,3.73,-1.44,-0.48,5.52
2.18,3.04,2.32,-0.47,0.87,9.35,2.48,0.17,1.8,6.99
7.55,1.03,3.55,9.98,0.59,2.89,5.03,-2.76,1.94,9.91
3.24,5.36,4.89,-1.67,5.61,6.75,2.64,-0.67,8.3,5.15
7.85,0.47,-1.82,0.16,3,2.04,-0.49,8.48,5.21,4.3
5.46,2.75,8.33,-0.99,2.73,-1.08,4.89,-2.24,-0.85,9.83
-2.34,5.39,5.18,5.55,6.72,0.79,2.29,-0.65,3.12,0.58
7.49,0.97,4.05,8.67,4.12,-2.95,0.71,6.63,8.52,8.91
0.92,3.98,1.66,-0.75,5.98,7.38,1.16,0.87,8.13,3.31
0.69,8.79,-1.31,8.87,4.33,8.41,-0.35,9.61,-2.25,5.76
0.19,8.24,9.72,7.24,6.91,3.84,7.28,-2.39,0.46,5.8
9.52,4.38,-0.22,1.17,6.63,8.75,-1.45,-2.21,-0.38,9.68
4.09,3.31,8.46,5.78,2.17,2.79,4.18,4.81,2.4,4.93
0.57,5.59,3.16,0.28,2.82,0.06,7.12,0.1,0.67,-2.42
8.9,0.18,4.95,-1.33,4.35,1.58,-2.59,5.89,2.36,0.03
5.56,9.44,6.33,4.02,5.21,-1.51,9.81,-0.61,6.3,2.2
7.31,9.86,-2.22,0.46,0.14,3.6,3.52,-2.75,6.7,7.18
-2.17,5.59,-2.64,5.77,7.25,4.7,-2.66,7.66,0.58,2.7
-2.32,9.14,2.13,7,3.16,-2.66,8.48,2.96,-0.28,4.77
8.15,-2.98,4.63,8.93,0.48,7.76,2.53,7,8.01,-0.78
4.17,8.83,7.8,4.52,4.6,5.05,-0.78,4.94,2.7,2.79
-2.37,3.37,1.93,2.75,0.37,8.08,3.09,-1.15,1.03,5.8
6.62,-0.82,5.82,1.24,-1.9,9.3,-1.01,3.63,6.29,10
5.84,0.46,8.82,3.64,7.98,3.41,-1.32,-2.81,-1.65,4.37
2.98,-1.03,-2.26,7.9,4.72,1.1,5.98,-2.2,2.94,10
6.6,-0.45,-0.82,2.42,3.79,0.28,1.72,5.78,6.9,-2
5.77,2.73,1.46,4.59,9.36,-0.57,-2,-1.97,-0.38,-0.66
5.4,5.59,1.3,6.13,3.49,9.01,-2.77,-0.54,9.81,3.17
-0.54,6.41,5.72,1.64,-1.18,-0.5,4.91,3.53,8.28,1.8
4.53,4.04,7.53,8.98,-1.38,6.89,-1.59,-0.39,7.92,1.03
1.94,3.31,9.61,6.24,-0.56,3.1,5.24,-0.33,5.56,5.05
5.84,8.02,1.45,1.55,-0.35,3.27,4.05,7.56,9.8,2.32
-0.64,4.32,9.36,9.88,3.3,-2.03,6.77,4.71,0.58,4.68
8.73,5.51,-2.01,8.34,1.75,0.43,1.44,9.99,3.1,9.99
5.03,-1.07,8,9.48,3.48,-2.35,2.74,-2.48,8.2,2.53
2.84,-2.45,9.85,2.2,-2.57,3.14,3.16,7.19,-2.15,6.73
1.87,9.57,2.24,2.86,7.91,6.98,6.28,-0.66,6.96,-0.63
-0.68,1.99,1.3,-2.68,1.46,7.77,-2.03,7.19,8.29,9.16
-0.28,1.13,9.71,-0.44,6.32,-2.86,5.7,-0.53,7.32,6.54
9.2,-0.81,6.11,1.44,5.04,4.01,-1.58,1.32,6.34,8.37
3.68,8.66,0.36,7.97,8.98,4.81,5.74,9.94,2,4.02
9.1,4.71,8.14,8.8,7.26,4.45,8.93,2.96,6.92,6.25
0.2,632.62,1584.3,2409.52,168.43,2249.58,2341.04,974.63,5973.45,1240.9
-2.68,1.45,-2.41,0.67,-0.58,9.56,8.48,8.15,9.49,0.47
2.17,8.58,8.18,0.3,7.38,5.43,7.74,6.3,-1.61,4.65
2.55,0.87,0.76,0.98,-0.54,1.3,7.44,5.05,3.25,5.21
6.98,3.57,9.66,7.57,7.23,-0.92,7.12,5.71,-2.78,6.61
9.18,2.38,5.18,7.35,5.68,2.55,2.77,3.42,-1.15,4.15
-1.93,4.4,8.02,1.82,8.37,-2.52,6.11,5.8,5.53,-0.64
1,2.51,5.92,0.66,0.07,3.15,2.73,-2.81,-1.15,2.94
6.79,-1.98,8.32,1.96,8.36,4,7.51,1.13,-2.59,9.36
8.28,-1.53,3.75,6.3,3.28,2.12,6.77,-0.61,-2.09,2.29
1.74,1.91,7.79,-2.35,5.56,-2.14,3.79,-1.72,-1.96,5.64
4.22,7.82,6.65,2.54,-0.22,5.01,9.53,-2.71,9.13,9.93
9.64,7.41,-1.6,3.39,3.7,4.68,8.5,0.46,7.07,9.41
5.74,-1.2,1.32,3.53,-0.55,9.87,4.38,6.24,-1.85,5.41
1.87,5.36,3.22,-1.48,-2.11,6,6.52,-2.58,6.28,5.65
-2.65,5.91,3.05,-1.26,-0.7,9.74,6.42,-2.2,0.2,3.48
-2.79,8.94,5.28,1.52,2.46,7.72,1.39,9.84,3.96,2.53
5.24,8.83,-2.12,-1.54,-2.66,-1.23,7.45,6.86,-0.82,3.72
2.51,-0.47,-0.37,8.55,1.26,1.93,8.29,-2.32,2.72,-1.52
4.15,2.93,-2.59,-0.58,7.44,2.87,-2.86,-1.18,2.7,4.09
4.34,-2.06,2.92,5.22,-0.6,3.26,6.98,9.85,0.11,9.16
3.57,5.61,-1.32,6.19,4.16,2.94,-1.88,2.45,3.61,3.84
3.93,-2.25,9.76,4.33,0.17,7.19,-2.8,0.31,9.01,2.89
7.39,3.34,3.83,0.31,-1.44,6.22,6.56,8.53,6.06,9.66
7.69,-0.38,5.27,9.36,8.81,-0.57,2.3,9.92,4.87,8.9
3.75,-1.21,9.65,3.5,6.12,-0.19,0.69,6.31,3.11,-0.31
-0.8,0.5,6.03,6.02,3.81,7.58,2.24,0.36,6.11,-1.71
0.02,3.79,0.91,8.29,3.15,-0.29,-2.29,8.45,-0.38,5.58
7.34,6.37,7.37,6.99,-0.13,3.49,9.79,3.55,-0.2,2.9
6.24,1.99,6.4,2.27,-1.99,0.2,-0.15,3.24,3.55,8.95
4.53,6.57,2.74,8.43,4.85,8.89,-1.87,5.55,7.33,0.75
1.12,4.67,-2.88,-1.51,1.65,-0.02,4.97,1.44,6.53,7.76
7.34,2.77,-0.25,3.73,8.03,0.75,6.93,-2.12,6.99,0.48
9.82,1.52,-2.96,2.56,-0.06,4.88,1.44,1.07,0.42,-1.23
4.82,4.54,6.43,4.93,6.03,-1.92,7.91,0.99,2.51,4.44
-1.26,-0.16,-2.79,1.49,6.57,8.24,5.23,3.5,9.11,2.22
6.97,8.93,6.73,7,1.48,9.67,1.87,5.92,0.73,5.29
7.68,8.55,-0.17,4.11,3.48,8.85,5.19,1.39,-0.16,-2.31
8.82,1.57,0.53,9.03,6.06,-2.9,7.26,1.28,3.59,6.37
6.5,0.55,5.29,3.22,-2.45,9.76,2.89,2.41,5.67,6.61
-2.3,3.35,5.15,0.52,-2.54,-1.37,-0.63,5.64,3.01,2.2
6.33,1.82,6.77,9.86,0.85,2.82,9.95,-1.9,7.1,3.54
7.46,3.59,7.08,2.74,9.81,7.63,2.5,2.69,0.03,-1.83
-0.7,0.73,4.51,7.45,4.24,4.97,9.07,6.61,0.6,2.07
-1.2,9.92,6.89,8.56,9.77,-2.27,1.37,9.72,-1.17,-1.53
3.25,9.28,5.05,0.33,2.02,4.85,-2.05,7.52,-2.46,0.98
8.68,-0.17,4.7,3.19,-2.73,-1.06,-1.85,9.33,8.54,1.74
1.4,-2.66,1.66,-1.72,8.9,1.43,-1,0.27,1.14,0.83
1.73,7.39,0.1,9.77,-2.28,5.12,4.62,-1.33,2.63,5.15
2.64,1.31,7.98,-2.66,7.49,8.25,-0.72,8.63,7.57,-2.18
0.36,-1.03,-1.85,5.01,0.24,-2.96,9.44,2.24,0.31,0.58
6.06,5.03,-2.04,9.16,4.8,-1.32,4.28,-0.59,0.34,9.91
7.56,5.98,1.21,5.54,6.31,-1.31,3.78,8.59,-2.69,1.34
9.4,0.67,3.31,-2.45,8.67,6.54,-2.41,8.11,-1.22,0.89
-1.32,7.84,8.91,-0.37,6.99,3.7,1.3,1.27,6.11,4.64
1.17,3.66,0.61,5.37,-0.81,9.91,7.05,5.96,8.49,7.35
-2.7,7.89,-1.99,3.6,8.43,9.68,0.14,9.01,7.78,1.91
-0.11,9.46,-0.25,-1.21,-0.92,9.73,5.49,3.38,0.99,1.59
-1.99,5.15,8.24,1.62,0.52,-2.57,1.52,-2.44,6.39,0.01
7.91,6.68,-2.11,8.92,0.28,9.32,8.6,3.42,8.32,6.38
8.33,-1.79,5.83,-1.93,-0.01,7.91,-2.21,8.48,1.29,1.78
0.06,2.3,9.93,-1.7,6.91,0.44,-1.28,-1.57,1,8.11
1.43,-1.1,4.79,2.32,-2.18,8.06,1.64,9.41,1.48,-0.05
5.79,-0.2,1.15,1.61,0.86,4.14,-0.48,1.65,2.61,3.8
6.43,5.67,9.09,6.35,6.96,6,9.79,8.68,7.42,0.78
6.78,-1.15,2.68,1.56,4.17,3.5,-0.38,8.8,2.9,4.1
-1.25,-1.31,6.89,2.89,3.3,-2.26,-2.97,5.81,2.39,2.63
-0.4,-1.19,-1.71,-1.31,8.15,8.25,7.69,7.94,6.92,5.1
-1.29,3.7,6.95,4.39,8.26,1.11,-2.12,-2.12,-0.09,3.78
4.97,1.65,5.46,1.85,7.53,-1.25,2.59,7.56,7.55,7.97
0.18,-2.85,9.77,1.47,-1.16,7.92,-0.29,9.52,5.85,9.63
4.62,7.56,3.32,1.56,1.94,1.57,5.67,2.81,2.44,8.57
9.59,-2.6,0.21,5.04,2.24,-2.26,6.78,7.83,8.29,4.33
5.79,-1.53,4.48,5.56,2.94,6.31,3.47,5.64,5.83,-0.68
5.26,0.44,9.87,-1.43,5,1.81,3.14,0.66,7.62,8.57
-0.77,7.2,8.96,2.44,2.23,1.2,3.18,-0.99,-0.97,1.47
6.33,7.81,2.93,0.81,3.37,8.86,-2.89,9.83,4.5,5.93
-0.85,-0.24,9.37,-0.98,1.33,4.36,3.82,7.46,8.02,1.44
6.03,-2.75,-1.37,4.99,2.69,3.86,9.18,8.86,5.86,-1.8
0.32,2.19,9.01,6.25,5.99,2.37,5.11,6.1,2.2,-0.4
2.03,4.35,2.36,1.39,6.36,6.68,8.75,0.18,4.13,6.77
4.61,0.15,7.02,6.24,8.14,-0.3,0.1,7.31,-1.45,8.96
8.51,1.87,1.14,7.52,-1.89,-2.87,-0.11,6.21,6.23,5.08
8.81,-1.75,-0.58,1.16,2.64,8.78,-2.16,1.39,-1.05,4.96
-1.84,6.56,8.11,8.17,2.8,6.24,-2.14,5.89,3.55,-0.59
4.84,2.06,4.27,8.98,-0.42,5.38,9.11,2.46,1.59,5.33
-2.46,0.39,6.58,-0.04,4.55,-0.78,-1.27,5.38,3.6,0.68
0.34,4.75,-2.76,-1.55,2.92,3.03,7.69,3.77,-1.09,1.24
6.17,6.75,6.3,0.43,5.72,8.87,8.81,4.83,1.33,0.39
0.15,1.86,3.78,9.73,4.81,-1.68,-1.06,6.53,6.7,5.54
-2.79,-2.96,0.29,-2.56,-1.51,6.2,3.46,9.17,-0.03,5.37
0.41,9.13,2.11,9.7,-0.44,-2.17,8.57,-1.63,5.65,-0.11
1.75,8.8,4.75,8.52,8.53,-0.45,9.84,-2.53,9.08,6.53
6,9.28,6.57,9.29,9.71,8.05,5.49,3.17,7.22,8.45
-1.47,-2.38,7.58,3.64,-2.68,-2.86,4.46,8.89,-1.5,0.11
-1.23,3.25,-1.09,6.51,1.76,-2.57,9.06,1.59,-2.11,8.13
-1.88,6.88,7.41,7.69,6.17,7.12,5.73,1.65,0.28,2.95
0.1,1.81,3.57,-2.32,8.45,3.88,-2.18,2.91,2.76,-0.69
6.01,4.53,5.55,7.91,1.04,-2.69,8.33,0.09,1.9,9.21
-1.78,3.01,6.09,8.63,0.69,2.26,5.74,9.42,6.91,9.02
