 ,EVENT_CREATE_OBJECT,EVENT_OPEN,EVENT_MMAP,EVENT_SENDTO,EVENT_RECVFROM,EVENT_SENDMSG,EVENT_READ,EVENT_SHM,EVENT_ACCEPT,EVENT_CLONE,EVENT_EXECUTE,EVENT_MPROTECT,EVENT_OTHER,EVENT_RECVMSG,EVENT_CHANGE_PRINCIPAL,EVENT_WRITE,EVENT_CONNECT
5179,0,1,1,0,0,0,1,0,0,0,1,1,0,0,0,0,0
5407,0,1,1,0,0,0,1,0,0,0,1,1,0,0,0,0,0
4822,0,1,1,0,0,0,1,0,0,0,1,1,0,0,0,0,0
5626,1,0,0,0,0,0,0,0,0,0,0,0,0,0,0,0,0
3824,0,1,1,0,0,0,1,0,0,0,1,1,0,0,0,1,0
4898,0,0,0,0,0,0,1,0,0,0,0,0,0,0,0,0,0
3915,0,1,1,0,0,0,1,0,0,0,1,1,0,0,0,0,0
3978,0,1,0,1,1,0,1,0,0,1,0,0,1,0,0,0,1
4047,0,1,1,0,0,0,1,0,0,0,1,1,0,0,0,0,0
5593,0,1,0,0,0,0,0,0,0,0,0,0,0,0,0,0,0
4089,0,1,1,0,0,0,1,0,0,0,1,1,0,0,0,0,0
3881,0,1,0,1,1,0,1,0,0,1,0,0,1,0,0,0,1
5263,1,0,0,0,0,0,0,0,0,0,0,0,0,0,0,0,0
5576,0,1,1,0,0,0,1,0,0,0,1,1,0,0,0,0,0
3650,1,1,0,0,0,0,1,0,0,0,0,0,0,0,0,0,0
1418,0,1,0,0,0,0,1,0,0,1,0,0,0,0,0,0,0
4148,0,1,1,0,0,0,1,0,0,0,1,1,0,0,0,0,0
4648,0,1,1,0,0,0,1,0,0,0,1,1,0,0,0,0,0
4851,0,1,1,0,0,0,1,0,0,0,1,1,0,0,0,0,0
4557,0,1,1,0,0,0,1,0,0,1,1,1,0,0,0,0,0
5429,1,0,0,0,0,0,0,0,0,0,0,0,0,0,0,0,0
3621,0,1,1,0,0,0,1,0,0,0,1,1,0,0,0,0,0
4600,0,1,1,0,0,0,1,0,0,0,1,1,0,0,0,0,0
1573,0,1,0,0,0,0,0,0,0,0,0,0,0,0,0,1,0
4508,0,1,1,0,0,0,1,0,0,0,1,1,0,0,0,0,0
5471,1,1,1,0,0,0,1,0,0,0,1,1,0,0,0,0,0
2697,0,1,1,0,0,0,1,0,0,0,1,1,0,0,0,0,0
5064,1,0,0,0,0,0,0,0,0,0,0,0,0,0,0,0,0
5093,0,1,0,1,1,0,1,0,0,1,0,0,1,0,0,0,1
4117,0,1,1,0,0,0,1,0,0,0,1,1,0,0,0,0,0
5366,0,1,1,0,0,0,1,0,0,0,1,1,0,0,0,0,0
3576,1,0,0,0,0,0,0,0,0,0,0,0,0,0,0,0,0
2689,0,0,0,0,0,0,0,0,0,0,0,1,0,0,0,0,0
3753,0,1,1,0,0,0,1,0,0,0,1,1,0,0,0,0,0
4850,0,1,1,0,0,0,1,0,0,0,1,1,0,0,0,0,0
4389,0,1,1,0,0,0,1,0,0,0,1,1,0,0,0,0,0
5045,0,1,1,0,0,0,1,0,0,0,1,1,0,0,0,0,0
5574,1,0,0,0,0,0,0,0,0,0,0,0,0,0,0,0,0
5311,0,1,1,0,0,0,1,0,0,0,1,1,0,0,0,0,0
3765,0,1,0,1,1,0,1,0,0,1,0,0,1,0,0,0,1
4075,0,1,1,0,0,0,1,0,0,0,1,1,0,0,0,0,0
3718,0,1,1,0,0,0,1,0,0,0,1,1,0,0,0,0,0
4775,0,1,1,0,0,0,1,0,0,0,1,1,0,0,0,0,0
2097,0,0,0,0,0,0,0,0,0,1,0,0,0,0,0,0,0
4429,0,1,1,0,0,0,1,0,0,0,1,1,0,0,0,0,1
4289,1,0,0,0,0,0,1,0,0,0,0,0,0,0,0,0,0
4325,0,1,1,0,0,0,1,0,0,1,1,1,0,0,0,0,0
5640,0,1,1,0,0,0,1,0,0,0,1,1,0,0,0,0,0
4915,0,1,1,0,0,0,1,0,0,0,1,1,0,0,0,0,0
5163,0,1,1,0,0,0,1,0,0,0,1,1,0,0,0,0,0
3482,0,1,1,0,0,0,1,0,0,1,1,1,0,0,0,0,0
4761,0,1,1,0,0,0,1,0,0,0,1,1,0,0,0,0,0
19609,0,1,0,1,1,0,1,0,0,1,0,0,1,0,0,0,1
3520,0,1,0,1,1,0,1,0,0,1,0,0,1,0,0,0,1
1348,0,1,0,1,1,0,1,0,0,0,0,0,0,0,0,0,1
4542,0,1,1,0,0,0,1,0,0,0,1,1,0,0,0,0,0
4793,0,1,1,0,0,0,1,0,0,0,1,1,0,0,0,0,0
3766,0,1,0,0,0,0,1,0,0,0,0,0,0,0,0,0,0
3954,1,0,0,0,0,0,0,0,0,0,0,0,0,0,0,0,0
676,0,1,0,0,0,0,1,0,0,0,0,0,0,0,0,0,0
3795,1,1,1,1,1,1,1,1,0,0,1,1,0,1,0,1,1
3726,1,1,1,0,1,0,1,0,0,0,1,1,0,0,0,1,1
3651,1,0,0,0,0,0,0,0,0,0,0,0,0,0,0,0,0
4416,0,1,1,0,0,0,1,0,0,0,1,1,0,0,0,0,0
4616,0,1,1,0,0,0,1,0,0,0,1,1,0,0,0,0,0
3830,0,1,1,0,0,0,1,0,0,0,1,1,0,0,0,1,1
3732,0,1,1,0,0,0,1,0,0,0,1,1,0,0,0,0,0
3933,1,0,0,0,0,0,0,0,0,0,0,0,0,0,0,0,0
3831,0,1,1,0,0,0,1,0,0,0,1,1,0,0,0,0,0
4382,0,1,1,0,0,0,1,0,0,0,1,1,0,0,0,0,0
4035,0,1,1,0,0,0,1,0,0,0,1,1,0,0,0,0,0
5111,0,1,0,1,1,0,1,0,0,1,0,0,1,0,0,0,1
5268,0,1,1,0,0,0,1,0,0,0,1,1,0,0,0,0,0
4346,0,1,1,0,0,0,1,0,0,0,1,1,0,0,0,0,0
4690,1,0,0,0,0,0,0,0,0,0,0,0,0,0,0,0,0
4721,1,0,0,0,0,0,0,0,0,0,0,0,0,0,0,0,0
5686,1,0,0,0,0,0,0,0,0,0,0,0,0,0,0,0,0
5623,1,0,0,0,0,0,0,0,0,0,0,0,0,0,0,0,0
4808,0,1,1,0,0,0,1,0,0,0,1,1,0,0,0,0,0
4953,1,0,0,0,0,0,0,0,0,0,0,0,0,0,0,0,0
4276,1,0,0,0,0,0,0,0,0,0,0,0,0,0,0,0,0
4383,0,1,1,0,0,0,1,0,0,0,1,1,0,0,0,0,0
5726,0,1,1,0,0,0,1,0,0,0,1,1,0,0,0,0,0
4053,0,1,1,0,0,0,1,0,0,0,1,1,0,0,0,0,0
761,0,0,0,0,0,0,0,0,1,0,0,0,0,0,0,0,0
3882,0,1,0,1,1,0,1,0,0,1,0,0,1,0,0,0,1
5569,1,0,0,0,0,0,0,0,0,0,0,0,0,0,0,0,0
5708,1,0,0,0,0,0,0,0,0,0,0,0,0,0,0,0,0
3565,0,1,1,0,0,0,1,0,0,0,1,1,0,0,0,0,0
3563,0,1,1,0,0,0,1,0,0,0,1,1,0,0,0,0,0
3771,0,1,1,0,0,0,1,0,0,0,1,1,0,0,0,0,0
3777,0,1,1,0,1,0,1,0,0,0,1,1,0,0,0,0,1
5319,0,1,1,0,0,0,1,0,0,0,1,1,0,0,0,0,0
5112,0,1,0,1,1,0,1,0,0,1,0,0,1,0,0,0,1
4877,0,1,1,0,0,0,1,0,0,0,1,1,0,0,0,0,0
5186,0,1,1,0,0,0,1,0,0,0,1,1,0,0,0,0,0
5577,0,1,1,0,0,0,1,0,0,0,1,1,0,0,0,0,0
5248,0,1,1,0,0,0,1,0,0,0,1,1,0,0,0,0,0
4552,0,1,1,0,0,0,1,0,0,1,1,1,0,0,0,0,0
4716,0,1,1,0,0,0,1,0,0,0,1,1,0,0,0,0,0
4420,1,1,1,0,0,0,1,0,0,0,1,1,0,0,0,0,0
4186,0,1,1,0,0,0,1,0,0,0,1,1,0,0,0,0,0
3834,0,1,1,0,0,0,1,0,0,0,1,1,0,0,0,1,1
4800,0,1,1,0,0,0,1,0,0,0,1,1,0,0,0,0,0
5192,0,1,1,0,0,0,1,0,0,0,1,1,0,0,0,0,0
5024,1,1,1,0,0,0,1,0,0,0,1,1,0,0,0,0,0
4585,0,1,1,0,0,0,1,0,0,0,1,1,0,0,0,0,0
4431,0,1,1,0,0,0,1,0,0,0,1,1,0,0,0,0,0
5535,0,1,1,0,0,0,1,0,0,0,1,1,0,0,0,0,0
5287,1,0,0,0,0,0,0,0,0,0,0,0,0,0,0,0,0
4724,0,1,1,0,0,0,1,0,0,0,1,1,0,0,0,0,0
5442,0,1,1,0,0,0,1,0,0,1,1,1,0,0,0,0,0
4165,0,1,1,0,0,0,1,0,0,0,1,1,0,0,0,0,0
5265,0,1,1,0,0,0,1,0,0,0,1,1,0,0,0,0,0
4013,0,1,0,1,1,0,1,0,0,1,0,0,1,0,0,0,1
4287,1,0,0,0,0,0,0,0,0,0,0,0,0,0,0,0,0
5172,0,1,1,0,0,0,1,0,0,0,1,1,0,0,0,0,0
4391,0,1,1,0,0,0,1,0,0,0,1,1,0,0,0,0,0
4061,0,1,1,0,0,0,1,0,0,0,1,1,0,0,0,0,0
4758,0,1,1,0,0,0,1,0,0,0,1,1,0,0,0,0,0
5432,0,1,1,0,0,0,1,0,0,0,1,1,0,0,0,0,0
3730,0,1,1,0,1,0,1,0,0,0,1,1,0,0,0,0,1
3829,0,1,1,0,0,0,1,0,0,0,1,1,0,0,0,0,0
5595,0,1,1,0,0,0,1,0,0,0,1,1,0,0,0,0,0
3789,0,1,1,0,1,0,1,0,0,0,1,1,0,0,0,0,1
5504,0,1,1,0,0,0,1,0,0,0,1,1,0,0,0,0,0
4554,0,0,0,0,0,0,0,0,0,0,0,0,0,0,1,0,0
3856,0,1,0,1,1,0,1,0,0,1,0,0,1,0,0,0,1
5501,0,1,1,0,0,0,1,0,0,0,1,1,0,0,0,0,0
3667,0,1,1,0,0,0,1,0,0,0,1,1,0,0,0,0,0
5364,0,1,1,0,0,0,1,0,0,0,1,1,0,0,0,0,0
3487,0,1,0,1,1,0,1,0,0,1,0,0,1,0,0,0,1
5152,0,1,1,0,0,0,1,0,0,0,1,1,0,0,0,0,0
4201,0,1,1,0,0,0,1,0,0,0,1,1,0,0,0,0,0
4181,1,0,0,0,0,0,0,0,0,0,0,0,0,0,0,0,0
3579,1,0,0,0,0,0,0,0,0,0,0,0,0,0,0,0,0
5550,0,1,1,0,0,0,1,0,0,0,1,1,0,0,0,0,0
3733,0,1,0,1,1,0,1,0,0,1,0,0,1,0,0,0,1
5390,0,1,0,0,0,0,0,0,0,0,0,0,0,0,0,0,0
3611,0,1,1,0,0,0,1,0,0,0,1,1,0,0,0,0,0
4339,1,1,1,0,0,0,1,0,0,0,1,1,0,0,0,0,0
3631,1,0,0,0,0,0,0,0,0,0,0,0,0,0,0,0,0
3532,0,1,0,1,1,0,1,0,0,1,0,0,1,0,0,0,1
3629,1,0,0,0,0,0,0,0,0,0,0,0,0,0,0,0,0
4272,0,1,1,0,0,0,1,0,0,0,1,1,0,0,0,0,0
3561,0,1,1,0,0,0,1,0,0,0,1,1,0,0,0,0,0
4833,0,1,1,0,0,0,1,0,0,0,1,1,0,0,0,0,0
4396,0,1,1,0,0,0,1,0,0,0,1,1,0,0,0,0,0
3924,0,0,0,0,0,0,1,0,0,0,0,0,0,0,0,0,0
4347,0,1,1,0,0,0,1,0,0,0,1,1,0,0,0,0,0
3869,0,1,1,0,0,0,1,0,0,0,1,1,0,0,0,0,0
4967,1,0,0,0,0,0,0,0,0,0,0,0,0,0,0,0,0
5046,1,0,0,0,0,0,0,0,0,0,0,0,0,0,0,0,0
4377,0,1,1,0,0,0,1,0,0,0,1,1,0,0,0,0,0
2702,1,0,0,0,0,0,1,0,0,1,0,0,0,0,0,0,0
3914,1,1,1,0,0,0,1,0,0,0,1,1,0,0,0,0,0
5145,0,0,0,0,0,0,0,0,0,0,0,0,0,0,1,0,0
4686,0,1,1,0,0,0,1,0,0,0,1,1,0,0,0,0,0
4360,0,1,1,0,0,0,1,0,0,0,1,1,0,0,0,0,0
3848,0,1,1,0,1,0,1,0,0,0,1,1,0,0,0,0,1
4052,0,1,1,0,0,0,1,0,0,0,1,1,0,0,0,0,0
5498,0,1,1,0,0,0,1,0,0,0,1,1,0,0,0,0,0
4811,0,1,1,0,0,0,1,0,0,0,1,1,0,0,0,0,0
3991,0,1,0,1,1,0,1,0,0,1,0,0,1,0,0,0,1
4876,1,1,1,0,0,0,1,0,0,0,1,1,0,0,0,0,0
3511,0,1,0,1,1,0,1,0,0,1,0,0,1,0,0,0,1
3921,0,1,1,0,0,0,1,0,0,0,1,1,0,0,0,0,0
19604,0,1,1,0,0,0,1,0,0,1,1,1,0,0,0,0,0
5704,0,1,1,0,0,0,1,0,0,0,1,1,0,0,0,0,0
5242,0,1,1,0,0,0,1,0,0,0,1,1,0,0,0,0,0
4707,0,1,1,0,0,0,1,0,0,0,1,1,0,0,0,0,0
4671,0,1,1,0,0,0,1,0,0,0,1,1,0,0,0,0,0
3521,1,1,1,1,0,0,1,0,0,1,0,1,1,0,0,0,1
5369,0,1,1,0,0,0,1,0,0,0,1,1,0,0,0,0,0
4864,0,1,1,0,0,0,1,0,0,0,1,1,0,0,0,0,0
3593,0,1,1,0,0,0,1,0,0,0,1,1,0,0,0,0,0
5641,0,1,1,0,0,0,1,0,0,0,1,1,0,0,0,0,0
3841,0,1,1,0,0,0,1,0,0,0,0,0,0,0,0,1,0
4159,0,1,1,0,0,0,1,0,0,0,1,1,0,0,0,0,0
1877,0,0,0,0,0,0,0,0,0,1,0,0,0,0,0,0,0
4878,1,1,1,0,0,0,1,0,0,0,1,1,0,0,0,0,0
5011,0,1,1,0,0,0,1,0,0,0,1,1,0,0,0,0,0
5057,0,1,1,0,0,0,1,0,0,0,1,1,0,0,0,0,0
5063,0,1,1,0,0,0,1,0,0,0,1,1,0,0,0,0,0
1730,0,1,1,0,0,0,1,0,0,0,0,0,1,0,0,1,0
4563,0,1,1,0,0,0,1,0,0,0,1,1,0,0,0,0,0
3953,0,1,1,0,0,0,1,0,0,0,1,1,0,0,0,0,0
4126,0,1,1,0,0,0,1,0,0,0,1,1,0,0,0,0,0
4988,1,0,0,0,0,0,0,0,0,0,0,0,0,0,0,0,0
2117,0,1,1,0,0,0,1,0,0,0,0,0,1,0,0,1,0
5488,0,1,1,0,0,0,1,0,0,0,1,1,0,0,0,0,0
19605,0,1,1,0,0,0,1,0,0,1,1,1,0,0,0,0,1
4332,1,1,1,0,0,0,1,0,0,0,1,1,0,0,0,0,0
5725,1,0,0,0,0,0,0,0,0,0,0,0,0,0,0,0,0
4810,0,1,1,0,0,0,1,0,0,0,1,1,0,0,0,0,0
5629,1,0,0,0,0,0,0,0,0,0,0,0,0,0,0,0,0
5425,0,1,1,0,0,0,1,0,0,0,1,1,0,0,0,0,0
4384,0,1,1,0,0,0,1,0,0,0,1,1,0,0,0,0,0
5202,0,1,1,0,0,0,1,0,0,0,1,1,0,0,0,0,0
4820,0,1,1,0,0,0,1,0,0,0,1,1,0,0,0,0,0
4854,0,1,1,0,0,0,1,0,0,0,1,1,0,0,0,0,0
5712,0,1,1,1,0,1,1,0,0,0,1,1,1,1,1,0,1
3508,0,1,0,1,1,0,1,0,0,1,0,0,1,0,0,0,1
5673,0,1,1,0,0,0,1,0,0,0,1,1,0,0,0,0,0
4142,0,1,1,0,0,0,1,0,0,0,1,1,0,0,0,0,0
5280,0,1,1,0,0,0,1,0,0,0,1,1,0,0,0,0,0
4014,0,1,0,1,1,0,1,0,0,1,0,0,1,0,0,0,1
1912,0,1,0,0,0,0,1,0,0,0,0,0,0,0,0,0,0
3740,0,1,1,0,0,0,1,0,0,0,1,1,0,0,0,0,0
4906,0,1,1,0,0,0,1,0,0,0,1,1,0,0,0,0,0
4637,0,1,1,0,0,0,1,0,0,0,1,1,0,0,0,0,0
2269,0,0,0,0,0,0,0,0,0,1,0,0,0,0,0,0,0
3944,0,1,1,0,0,0,1,0,0,0,1,1,0,0,0,0,0
4210,0,1,1,0,0,0,1,0,0,0,1,1,0,0,0,0,0
3832,0,1,1,0,0,0,1,0,0,0,1,1,0,0,0,1,1
4632,0,1,1,0,0,0,1,0,0,0,1,1,0,0,0,0,0
5481,0,1,1,0,0,0,1,0,0,0,1,1,0,0,0,0,0
5579,0,1,1,0,0,0,1,0,0,0,1,1,0,0,0,0,0
3828,0,1,1,0,0,0,1,0,0,0,1,1,0,0,0,1,1
4665,0,1,1,0,0,0,1,0,0,0,1,1,0,0,0,0,0
4262,1,0,0,0,0,0,0,0,0,0,0,0,0,0,0,0,0
5474,0,1,1,0,0,0,1,0,0,0,1,1,0,0,0,0,0
5090,0,1,0,1,1,0,1,0,0,1,0,0,1,0,0,0,1
3836,0,1,0,0,0,0,1,0,0,0,0,0,0,0,0,1,0
3488,0,1,0,1,1,0,1,0,0,1,0,0,1,0,0,0,1
4442,0,1,1,0,0,0,1,0,0,0,1,1,0,0,0,0,0
4190,1,0,0,0,0,0,0,0,0,0,0,0,0,0,0,0,0
4609,0,1,1,0,0,0,1,0,0,0,1,1,0,0,0,0,0
5328,0,1,1,0,0,0,1,0,0,0,1,1,0,0,0,0,0
5177,0,1,1,0,0,0,1,0,0,0,1,1,0,0,0,0,0
5200,0,1,1,0,0,0,1,0,0,0,1,1,0,0,0,0,0
4067,0,1,1,0,0,0,1,0,0,0,1,1,0,0,0,0,0
5526,0,1,1,0,0,0,1,0,0,0,1,1,0,0,0,0,0
4771,1,0,0,0,0,0,0,0,0,0,0,0,0,0,0,0,0
5144,1,1,1,1,1,1,1,0,0,1,1,1,1,1,0,1,1
5349,0,1,1,0,0,0,1,0,0,0,1,1,0,0,0,0,0
4121,0,1,1,0,0,0,1,0,0,0,1,1,0,0,0,0,0
4913,1,0,0,0,0,0,0,0,0,0,0,0,0,0,0,0,0
1750,0,1,1,0,0,0,1,0,0,0,0,0,1,0,0,0,0
5312,1,0,0,0,0,0,0,0,0,0,0,0,0,0,0,0,0
3551,0,1,1,0,0,0,1,0,0,0,1,1,0,0,0,0,0
3827,0,1,1,0,0,0,1,0,0,0,1,1,0,0,0,0,0
3688,1,1,1,1,1,1,1,1,0,0,1,1,0,1,0,1,1
5187,0,1,1,0,0,0,1,0,0,0,1,1,0,0,0,0,0
4972,0,1,1,0,0,0,1,0,0,0,1,1,0,0,0,0,0
4139,1,0,0,0,0,0,0,0,0,0,0,0,0,0,0,0,0
5644,0,1,1,0,0,0,1,0,0,0,1,1,0,0,0,0,0
4454,0,1,1,0,0,0,1,0,0,0,1,1,0,0,0,0,0
5417,1,0,0,0,0,0,0,0,0,0,0,0,0,0,0,0,0
3796,0,1,1,0,0,0,0,0,0,0,0,0,0,0,0,0,0
4861,0,1,1,0,0,0,1,0,0,0,1,1,0,0,0,0,0
4401,0,1,1,0,0,0,1,0,0,0,1,1,0,0,0,0,0
5335,1,0,0,0,0,0,0,0,0,0,0,0,0,0,0,0,0
3948,1,0,0,0,0,0,0,0,0,0,0,0,0,0,0,0,0
5719,1,1,1,0,0,0,1,0,0,0,1,1,1,0,0,0,1
4209,0,1,1,0,0,0,1,0,0,0,1,1,0,0,0,0,0
3814,0,1,0,0,0,0,1,0,0,0,0,0,0,0,0,0,0
4087,0,1,1,0,0,0,1,0,0,0,1,1,0,0,0,0,0
4362,0,1,1,0,0,0,1,0,0,0,1,1,0,0,0,0,0
4798,0,1,1,0,0,0,1,0,0,0,1,1,0,0,0,0,0
3857,0,1,1,0,0,0,1,0,0,0,1,1,0,0,0,0,0
3558,0,1,1,0,0,0,1,0,0,0,1,1,0,0,0,0,1
3744,0,1,0,1,1,0,1,0,0,1,0,0,1,0,0,0,1
4469,0,1,1,0,0,0,1,0,0,0,1,1,0,0,0,0,0
4715,0,1,1,0,0,0,1,0,0,0,1,1,0,0,0,0,0
4072,0,1,1,0,0,0,1,0,0,0,1,1,0,0,0,0,0
4785,1,1,1,1,1,1,1,0,0,1,1,1,1,1,0,1,1
5643,1,1,1,0,0,0,1,0,0,0,1,1,0,0,0,0,0
4580,0,1,1,0,0,0,1,0,0,0,1,1,0,0,0,0,0
5110,0,1,0,1,1,0,1,0,0,1,0,0,1,0,0,0,1
3900,0,1,0,1,1,0,1,0,0,1,0,0,1,0,0,0,1
4514,0,1,1,0,0,0,1,0,0,0,1,1,0,0,0,0,0
5598,0,1,1,0,0,0,1,0,0,0,1,1,0,0,0,0,0
4536,1,0,0,0,0,0,0,0,0,0,0,0,0,0,0,0,0
4933,0,1,1,0,0,0,1,0,0,0,1,1,0,0,0,0,0
5196,0,1,1,0,0,0,1,0,0,0,1,1,0,0,0,0,0
3979,0,1,0,1,1,0,1,0,0,1,0,0,1,0,0,0,1
4731,0,1,1,0,0,0,1,0,0,0,1,1,0,0,0,0,0
4677,0,1,1,0,0,0,1,0,0,0,1,1,0,0,0,0,0
5225,0,1,1,0,0,0,1,0,0,0,1,1,0,0,0,0,0
3648,1,1,1,0,0,0,1,0,0,0,1,1,0,0,0,0,0
3950,0,1,1,0,0,0,1,0,0,0,1,1,0,0,0,0,0
5477,0,1,1,0,0,0,1,0,0,0,1,1,0,0,0,0,0
4970,1,0,0,0,0,0,0,0,0,0,0,0,0,0,0,0,0
5051,0,1,1,0,0,0,1,0,0,0,1,1,0,0,0,0,0
2092,0,0,0,0,0,0,0,0,0,1,0,0,0,0,0,0,0
3591,1,0,0,0,0,0,0,0,0,0,0,0,0,0,0,0,0
4621,0,1,1,0,0,0,1,0,0,0,1,1,0,0,0,0,0
4653,0,1,1,0,0,0,1,0,0,0,1,1,0,0,0,0,0
5121,0,1,0,1,1,0,1,0,0,1,0,0,1,0,0,0,1
3625,1,0,0,0,0,0,0,0,0,0,0,0,0,0,0,0,0
5318,1,0,0,0,0,0,0,0,0,0,0,0,0,0,0,0,0
4366,0,1,1,0,0,0,1,0,0,0,1,1,0,0,0,0,0
5031,0,1,1,0,0,0,1,0,0,0,1,1,0,0,0,0,0
3935,0,1,1,0,0,0,1,0,0,0,1,1,0,0,0,0,0
4774,0,1,1,0,0,0,1,0,0,0,1,1,0,0,0,0,0
5359,1,0,0,0,0,0,0,0,0,0,0,0,0,0,0,0,0
5052,1,0,0,0,0,0,0,0,0,0,0,0,0,0,0,0,0
5373,1,1,1,0,0,0,1,0,0,0,1,1,1,0,0,1,1
3547,0,1,1,0,0,0,1,0,0,1,1,1,1,0,0,0,0
4890,1,1,1,0,0,0,1,0,0,0,0,0,0,0,1,0,0
5490,0,1,1,0,0,0,1,0,0,0,1,1,0,0,0,0,0
5451,0,1,0,1,1,0,1,0,0,1,0,0,1,0,0,0,1
4862,0,1,1,0,0,0,1,0,0,0,1,1,0,0,0,0,0
4129,0,1,1,0,0,0,1,0,0,0,1,1,0,0,0,0,0
3620,0,1,1,0,0,0,1,0,0,0,1,1,0,0,0,0,0
4834,0,1,1,0,0,0,1,0,0,0,1,1,0,0,0,0,0
4484,0,1,1,0,0,0,1,0,0,0,1,1,0,0,0,0,0
5646,0,1,1,0,0,0,1,0,0,0,1,1,0,0,0,0,0
5590,0,0,0,0,0,0,1,0,0,0,0,0,0,0,0,0,0
5405,1,0,0,0,0,0,0,0,0,0,0,0,0,0,0,0,0
3671,1,1,1,1,1,0,1,0,0,0,1,1,1,0,0,1,1
3600,1,0,0,0,0,0,0,0,0,0,0,0,0,0,0,0,0
4002,0,1,0,1,1,0,1,0,0,1,0,0,1,0,0,0,1
4237,0,1,1,0,0,0,1,0,0,0,1,1,0,0,0,0,0
4295,1,0,0,0,0,0,0,0,0,0,0,0,0,0,0,0,0
5419,0,1,1,0,0,0,1,0,0,0,1,1,0,0,0,0,0
4327,0,1,1,0,0,0,1,0,0,0,1,1,0,0,0,0,0
4674,0,1,1,0,0,0,1,0,0,0,1,1,0,0,0,0,0
2692,0,0,0,0,0,0,0,0,0,1,0,0,0,0,0,0,0
1937,1,0,0,0,0,0,0,0,0,1,0,0,0,0,0,0,0
3963,1,0,0,0,0,0,0,0,0,0,0,0,0,0,0,0,0
3590,0,1,1,0,0,0,1,0,0,0,1,1,0,0,0,0,0
5367,1,0,0,0,0,0,0,0,0,0,0,0,0,0,0,0,0
4497,0,0,0,0,0,0,1,0,0,0,0,0,0,0,0,0,0
4039,1,1,1,0,0,0,1,0,0,0,1,1,0,0,0,0,0
5026,1,0,0,0,0,0,0,0,0,0,0,0,0,0,0,0,0
4070,0,1,1,0,0,0,1,0,0,0,1,1,0,0,0,0,0
5118,0,1,0,1,1,0,1,0,0,1,0,0,1,0,0,0,1
4625,0,1,1,0,0,0,1,0,0,0,1,1,0,0,0,0,0
4606,0,1,1,0,0,0,1,0,0,0,1,1,0,0,0,0,0
4613,0,1,1,0,0,0,1,0,0,0,1,1,0,0,0,0,0
4728,0,1,1,0,0,0,1,0,0,0,1,1,0,0,0,0,0
1984,0,1,0,0,0,0,1,0,0,0,0,0,0,0,0,0,0
4687,1,0,0,0,0,0,0,0,0,0,0,0,0,0,0,0,0
3569,0,1,1,0,0,0,1,0,0,0,1,1,0,0,0,0,0
4879,0,1,1,0,0,0,1,0,0,0,1,1,0,0,0,0,0
3599,0,1,1,0,0,0,1,0,0,0,1,1,0,0,0,0,0
4786,0,0,0,0,0,0,0,0,0,0,0,0,0,0,1,0,0
5260,0,1,0,0,0,0,0,0,0,0,0,0,0,0,0,0,0
4668,0,1,1,0,0,0,1,0,0,0,1,1,0,0,0,0,0
3594,1,0,0,0,0,0,0,0,0,0,0,0,0,0,0,0,0
4578,0,1,1,0,0,0,1,0,0,0,1,1,0,0,0,0,0
4028,0,1,1,0,0,0,1,0,0,1,1,1,0,0,0,0,0
3639,1,0,0,0,0,0,0,0,0,0,0,0,0,0,0,0,0
4023,0,1,0,1,1,0,1,0,0,1,0,0,1,0,0,0,1
4533,1,0,0,0,0,0,0,0,0,0,0,0,0,0,0,0,0
5146,0,1,1,0,0,0,1,0,0,1,1,1,0,0,0,0,0
4359,0,1,1,0,0,0,1,0,0,0,1,1,0,0,0,0,0
5480,0,1,1,0,0,0,1,0,0,0,1,1,0,0,0,0,0
4746,0,1,1,0,0,0,1,0,0,0,1,1,0,0,0,0,0
5290,1,0,0,0,0,0,0,0,0,0,0,0,0,0,0,0,0
5493,0,1,1,0,0,0,1,0,0,0,1,1,0,0,0,0,0
5133,0,1,0,1,1,0,1,0,0,1,0,0,1,0,0,0,1
3492,0,1,0,1,1,0,1,0,0,1,0,0,1,0,0,0,1
4448,0,1,1,0,0,0,1,0,0,0,1,1,0,0,0,0,0
3779,0,1,1,0,0,0,1,0,0,0,1,1,0,0,0,0,0
5181,0,1,1,0,0,0,1,0,0,0,1,1,0,0,0,0,0
5238,0,1,1,0,0,0,1,0,0,0,1,1,0,0,0,0,0
4034,0,1,1,0,0,0,1,0,0,0,1,1,0,0,0,0,0
5655,0,1,1,0,0,0,1,0,0,0,1,1,0,0,0,0,0
4588,0,1,1,0,0,0,1,0,0,0,1,1,0,0,0,0,0
2079,0,1,1,0,0,0,1,0,0,0,0,0,1,0,0,0,0
4732,0,1,0,0,0,0,0,0,0,0,0,0,0,0,0,0,0
4622,0,1,1,0,0,0,1,0,0,0,1,1,0,0,0,0,0
2707,0,1,1,0,0,0,1,0,0,1,1,1,0,0,0,0,0
4331,0,1,1,0,0,0,1,0,0,0,1,1,0,0,0,0,0
4386,0,1,1,0,0,0,1,0,0,0,1,1,0,0,0,0,0
4657,0,1,1,0,0,0,1,0,0,0,1,1,0,0,0,0,0
5361,0,1,1,0,0,0,1,0,0,0,1,1,0,0,0,0,0
5008,1,0,0,0,0,0,0,0,0,0,0,0,0,0,0,0,0
3681,0,1,1,0,0,0,1,0,0,0,1,1,0,0,0,0,0
5513,0,1,1,0,0,0,1,0,0,0,1,1,0,0,0,0,0
4937,1,0,0,0,0,0,0,0,0,0,0,0,0,0,0,0,0
4110,0,1,1,0,0,0,1,0,0,0,1,1,0,0,0,0,0
3462,0,1,1,0,0,0,1,0,0,0,0,0,1,0,0,0,0
4041,1,1,1,0,0,0,1,0,0,0,1,1,0,0,0,0,0
3479,0,1,1,0,0,0,1,0,0,0,1,1,0,0,0,0,0
3679,0,1,1,1,1,0,1,0,0,0,1,1,0,0,0,0,1
4418,0,1,1,0,0,0,1,0,0,0,1,1,0,0,0,0,0
4855,0,1,1,0,0,0,1,0,0,0,1,1,0,0,0,0,0
4374,0,1,1,0,0,0,1,0,0,0,1,1,0,0,0,0,0
4318,0,1,0,1,1,0,1,0,0,1,0,0,1,0,0,0,1
5723,1,1,1,0,0,0,1,0,0,0,1,1,0,0,0,0,0
4644,1,1,1,0,0,0,1,0,0,0,1,1,0,0,0,0,0
5380,0,1,1,0,0,0,1,0,0,0,1,1,0,0,0,0,0
5189,0,1,1,0,0,0,1,0,0,0,1,1,0,0,0,0,0
3475,1,1,1,0,0,0,1,0,0,1,1,1,0,0,0,0,0
4475,0,1,1,0,0,0,1,0,0,0,1,1,0,0,0,0,0
4830,0,1,1,0,0,0,1,0,0,0,1,1,0,0,0,0,0
5353,1,0,0,0,0,0,0,0,0,0,0,0,0,0,0,0,0
5022,0,1,1,0,0,0,1,0,0,0,1,1,0,0,0,0,1
5714,1,1,1,0,0,0,1,0,0,1,1,1,0,0,0,0,0
3854,0,1,0,1,1,0,1,0,0,0,0,0,1,1,0,0,1
4496,0,1,1,0,0,0,1,0,0,0,1,1,0,0,0,0,0
5556,0,1,1,0,0,0,1,0,0,0,1,1,0,0,0,0,0
3673,0,0,0,0,0,0,0,0,0,1,0,0,0,0,0,0,0
5614,1,0,0,0,0,0,0,0,0,0,0,0,0,0,0,0,0
5398,0,1,1,0,0,0,1,0,0,0,1,1,0,0,0,0,0
3546,0,1,0,1,1,0,1,0,0,1,0,0,1,0,0,0,1
4196,1,0,0,0,0,0,0,0,0,0,0,0,0,0,0,0,0
3903,1,1,1,1,0,0,1,0,0,1,0,1,1,0,0,0,1
3996,0,1,0,1,1,0,1,0,0,1,0,0,1,0,0,0,1
5142,0,1,0,1,1,0,1,0,0,1,0,0,1,0,0,0,1
4157,0,1,1,0,0,0,1,0,0,0,1,1,0,0,0,0,0
5697,0,1,1,0,0,0,1,0,0,0,1,1,0,0,0,0,0
4334,0,1,1,0,0,0,1,0,0,0,1,1,0,0,0,0,0
2756,0,1,1,0,0,0,1,0,0,0,0,0,1,0,0,0,0
5304,1,0,0,0,0,0,0,0,0,0,0,0,0,0,0,0,0
4803,1,1,1,0,0,0,1,0,0,0,1,1,0,0,0,0,0
3692,0,1,1,0,1,0,1,0,0,0,1,1,0,0,0,0,1
5479,0,1,1,0,0,0,1,0,0,0,1,1,0,0,0,0,0
4085,0,1,1,0,0,0,1,0,0,0,1,1,0,0,0,0,0
4818,0,1,1,0,0,0,1,0,0,0,1,1,0,0,0,0,0
4281,0,1,1,0,0,0,1,0,0,0,1,1,0,0,0,0,1
4342,0,1,1,0,0,0,1,0,0,0,1,1,0,0,0,0,0
4831,0,1,1,0,0,0,1,0,0,0,1,1,0,0,0,0,0
4740,0,1,1,0,0,0,1,0,0,0,1,1,0,0,0,0,0
3660,1,0,0,0,0,0,0,0,0,0,0,0,0,0,0,0,0
5098,0,1,0,1,1,0,1,0,0,1,0,0,1,0,0,0,1
4857,0,1,1,0,0,0,1,0,0,0,1,1,0,0,0,0,0
5542,0,1,1,0,0,0,1,0,0,0,1,1,0,0,0,0,0
4642,0,1,1,0,0,0,1,0,0,0,1,1,0,0,0,0,0
4503,1,0,0,0,0,0,0,0,0,0,0,0,0,0,0,0,0
4445,0,1,1,0,0,0,1,0,0,0,1,1,0,0,0,0,0
4964,0,1,0,0,0,0,0,0,0,0,0,0,0,0,0,0,0
2684,0,0,0,0,0,0,0,0,0,1,0,0,0,0,0,0,0
4038,0,1,1,0,0,0,1,0,0,0,1,1,0,0,0,0,0
4340,0,1,1,0,0,0,1,0,0,0,1,1,0,0,0,0,0
4889,0,1,1,0,0,0,1,0,0,0,1,1,0,0,0,0,0
3840,0,1,0,1,1,0,1,0,0,1,0,0,1,0,0,0,1
3674,0,1,1,0,0,0,1,0,0,0,1,1,0,0,0,0,0
4319,0,1,0,1,1,0,1,0,0,1,0,0,1,0,0,0,1
3971,1,0,0,0,0,0,0,0,0,0,0,0,0,0,0,0,0
5092,0,1,0,1,1,0,1,0,0,1,0,0,1,0,0,0,1
3626,1,0,0,0,0,0,0,0,0,0,0,0,0,0,0,0,0
5306,0,1,1,0,0,0,1,0,0,0,1,1,0,0,0,0,0
3975,0,1,1,0,0,0,1,0,0,0,1,1,0,0,0,0,0
5166,0,1,1,0,0,0,1,0,0,0,1,1,0,0,0,0,0
3738,0,1,0,1,1,0,1,0,0,1,0,0,1,0,0,0,1
4699,1,0,0,0,0,0,0,0,0,0,0,0,0,0,0,0,0
4350,0,1,1,0,0,0,1,0,0,0,1,1,0,0,0,0,0
5500,0,1,1,0,0,0,1,0,0,0,1,1,0,0,0,0,0
3683,0,1,0,1,1,0,1,0,0,1,0,0,1,0,0,0,1
4116,1,1,1,0,0,0,1,0,0,0,1,1,0,0,0,0,0
5502,0,1,1,0,0,0,1,0,0,0,1,1,0,0,0,0,0
5650,0,1,1,0,0,0,1,0,0,0,1,1,0,0,0,0,0
3780,0,1,0,1,1,0,1,0,0,1,0,0,1,0,0,0,1
3818,0,1,1,1,1,0,1,0,0,0,0,1,1,1,0,0,1
3533,0,1,0,1,1,0,1,0,0,1,0,0,1,0,0,0,1
5274,0,1,1,0,0,0,1,0,0,0,1,1,0,0,0,0,0
4455,1,0,0,0,0,0,0,0,0,0,0,0,0,0,0,0,0
4966,0,1,1,0,0,0,1,0,0,0,1,1,0,0,0,0,0
5645,1,0,0,0,0,0,0,0,0,0,0,0,0,0,0,0,0
4314,0,1,1,0,0,0,1,0,0,0,1,1,0,0,0,0,0
4680,0,1,1,0,0,0,1,0,0,0,1,1,0,0,0,0,0
4113,0,1,1,0,0,0,1,0,0,0,1,1,0,0,0,0,0
4489,1,0,0,0,0,0,0,0,0,0,0,0,0,0,0,0,0
4371,0,1,1,0,0,0,1,0,0,0,1,1,0,0,0,0,0
5216,0,1,1,0,0,0,1,0,0,0,1,1,0,0,0,0,0
3799,1,0,0,0,0,0,0,0,0,0,0,0,0,0,0,0,0
4162,0,1,1,0,0,0,1,0,0,0,1,1,0,0,0,0,0
4884,1,1,1,0,0,0,1,0,0,0,1,1,0,0,0,0,0
4590,0,1,1,0,0,0,1,0,0,0,1,1,0,0,0,0,0
3970,0,1,1,0,0,0,1,0,0,0,1,1,0,0,0,0,0
3518,0,1,0,1,1,0,1,0,0,1,0,0,1,0,0,0,1
5266,1,0,0,0,0,0,0,0,0,0,0,0,0,0,0,0,0
5032,1,0,0,0,0,0,0,0,0,0,0,0,0,0,0,0,0
3606,1,0,0,0,0,0,0,0,0,0,0,0,0,0,0,0,0
5130,0,1,0,1,1,0,1,0,0,1,0,0,1,0,0,0,1
3965,0,1,1,0,0,0,1,0,0,0,1,1,0,0,0,0,0
3666,0,1,1,0,0,0,1,0,0,0,1,1,0,0,0,0,0
4844,0,1,1,0,0,0,1,0,0,0,1,1,0,0,0,0,0
19608,0,1,0,1,1,0,1,0,0,1,0,0,1,0,0,0,1
3938,0,1,1,0,0,0,1,0,0,0,1,1,0,0,0,0,0
5159,0,1,1,0,0,0,1,0,0,0,1,1,0,0,0,0,0
4240,0,1,1,0,0,0,1,0,0,0,1,1,0,0,0,0,0
3883,0,1,1,0,0,0,1,0,0,0,1,1,0,0,0,0,0
5326,1,0,0,0,0,0,0,0,0,0,0,0,0,0,0,0,0
5422,0,1,1,0,0,0,1,0,0,0,1,1,0,0,0,0,0
4090,0,1,1,0,0,0,1,0,0,0,1,1,0,0,0,0,0
5677,1,0,0,0,0,0,0,0,0,0,0,0,0,0,0,0,0
5454,0,1,0,1,1,0,1,0,0,1,0,0,1,0,0,0,1
5522,0,1,1,0,0,0,1,0,0,0,1,1,0,0,0,0,0
3720,0,1,0,0,0,0,1,0,0,0,0,0,0,0,0,0,0
4103,0,1,1,0,0,0,1,0,0,0,1,1,0,0,0,0,0
5115,0,1,0,1,1,0,1,0,0,1,0,0,1,0,0,0,1
5249,1,1,1,0,0,0,1,0,0,0,0,0,0,0,1,0,0
3742,0,1,1,0,0,0,1,0,0,0,1,1,0,0,0,0,0
4885,0,1,1,0,0,0,1,0,0,0,1,1,0,0,0,0,0
3968,0,1,1,0,0,0,1,0,0,0,1,1,0,0,0,0,0
3868,0,1,1,0,0,0,1,0,0,0,1,1,0,0,0,0,0
4753,1,0,0,0,0,0,0,0,0,0,0,0,0,0,0,0,0
4505,0,1,1,0,0,0,1,0,0,0,1,1,0,0,0,0,0
4020,0,1,0,1,1,0,1,0,0,1,0,0,1,0,0,0,1
2709,0,1,0,1,1,0,1,0,0,1,0,0,1,0,0,0,1
4693,1,0,0,0,0,0,0,0,0,0,0,0,0,0,0,0,0
3842,0,1,1,0,0,0,1,0,0,0,1,1,0,0,0,0,0
3850,0,1,1,0,0,0,1,0,0,0,1,1,0,0,0,0,0
4623,0,1,1,0,0,0,1,0,0,0,1,1,0,0,0,0,0
4524,1,0,0,0,0,0,0,0,0,0,0,0,0,0,0,0,0
5452,0,1,0,1,1,0,1,0,0,1,0,0,1,0,0,0,1
4421,0,1,1,0,0,0,1,0,0,0,1,1,0,0,0,0,0
4311,0,1,0,1,1,0,1,0,0,1,0,0,1,0,0,0,1
2685,0,1,1,0,0,0,1,0,0,1,1,1,0,0,0,0,0
4702,1,0,0,0,0,0,0,0,0,0,0,0,0,0,0,0,0
4574,0,1,1,0,0,0,1,0,0,0,1,1,0,0,0,0,0
3811,0,1,0,0,0,0,1,0,0,0,0,0,0,0,0,1,0
4329,0,1,1,0,0,0,1,0,0,0,1,1,0,0,0,0,0
4417,0,1,1,0,0,0,1,0,0,0,1,1,0,0,0,0,0
4904,1,0,0,0,0,0,0,0,0,0,0,0,0,0,0,0,0
5220,0,1,1,0,0,0,1,0,0,0,1,1,0,0,0,0,0
4799,1,1,1,0,0,0,1,0,0,0,1,1,0,0,0,0,0
2695,0,1,1,0,0,0,1,0,0,1,1,1,0,0,0,0,0
4817,0,1,1,0,0,0,1,0,0,0,1,1,0,0,0,0,0
5395,0,1,1,0,0,0,1,0,0,0,1,1,0,0,0,0,0
5676,0,1,1,0,0,0,1,0,0,0,1,1,0,0,0,0,0
5578,0,1,1,0,0,0,1,0,0,0,1,1,0,0,0,0,0
4940,1,0,0,0,0,0,0,0,0,0,0,0,0,0,0,0,0
5524,0,1,1,0,0,0,1,0,0,0,1,1,0,0,0,0,0
3747,0,1,1,0,0,0,1,0,0,0,1,1,0,0,0,0,0
3510,0,1,0,1,1,0,1,0,0,1,0,0,1,0,0,0,1
2691,0,0,0,0,0,0,0,0,0,1,0,0,0,0,0,0,0
5473,1,1,1,0,0,0,1,0,0,0,1,1,0,0,0,0,0
3644,1,0,0,0,0,0,1,0,0,0,0,0,0,0,0,0,0
4352,0,1,1,0,0,0,1,0,0,0,1,1,0,0,0,0,0
5308,0,1,1,0,0,0,1,0,0,0,1,1,0,0,0,0,0
735,0,1,1,0,0,0,1,0,1,0,0,0,1,0,0,1,1
5446,0,1,0,1,1,0,1,0,0,1,0,0,1,0,0,0,1
4558,0,1,1,0,0,0,1,0,0,0,1,1,0,0,0,0,0
4773,0,1,1,0,0,0,1,0,0,0,1,1,0,0,0,0,0
5016,1,0,0,0,0,0,0,0,0,0,0,0,0,0,0,0,0
4479,0,1,1,0,0,0,1,0,0,0,1,1,0,0,0,0,0
4264,0,1,1,0,0,0,1,0,0,0,1,1,0,0,0,0,0
3685,0,1,1,0,0,0,1,0,0,0,1,1,0,0,0,0,0
3485,0,1,0,1,1,0,1,0,0,1,0,0,1,0,0,0,1
4280,1,0,0,0,0,0,1,0,0,0,0,0,0,0,0,0,0
4011,0,1,0,1,1,0,1,0,0,1,0,0,1,0,0,0,1
4394,0,1,1,0,0,0,1,0,0,0,1,1,0,0,0,0,0
5331,0,1,1,0,0,0,1,0,0,0,1,1,0,0,0,0,0
3791,0,1,0,1,1,0,1,0,0,1,0,0,1,0,0,0,1
4942,0,1,1,0,0,0,1,0,0,0,1,1,0,0,0,0,0
4168,0,1,1,0,0,0,1,0,0,0,1,1,0,0,0,0,0
4297,1,0,0,0,0,0,1,0,0,0,0,0,0,0,0,0,0
3767,0,1,0,0,0,0,1,0,0,0,0,0,0,0,0,0,0
5404,0,1,1,0,0,0,1,0,0,0,1,1,0,0,0,0,0
4345,0,1,1,0,0,0,1,0,0,0,1,1,0,0,0,0,0
5445,0,1,0,1,1,0,1,0,0,1,0,0,1,0,0,0,1
2698,0,1,0,1,1,0,1,0,0,1,0,0,1,0,0,0,1
1509,0,1,0,0,0,0,1,0,0,0,0,0,0,0,0,0,0
3536,0,1,0,1,1,0,1,0,0,1,0,0,1,0,0,0,1
5662,1,0,0,0,0,0,0,0,0,0,0,0,0,0,0,0,0
4326,0,1,1,0,0,0,1,0,0,0,1,1,0,0,0,0,0
4698,0,1,1,0,0,0,1,0,0,0,1,1,0,0,0,0,0
4840,0,1,1,0,0,0,1,0,0,0,1,1,0,0,0,0,0
742,0,1,0,0,0,0,0,0,0,0,0,0,0,0,0,0,0
4846,0,1,1,0,0,0,1,0,0,0,1,1,0,0,0,0,0
4634,0,1,1,0,0,0,1,0,0,0,1,1,0,0,0,0,0
4560,1,1,1,0,0,0,1,0,0,0,1,1,0,0,0,0,0
5271,0,1,1,0,0,0,1,0,0,0,1,1,0,0,0,0,0
5134,0,1,0,1,1,0,1,0,0,1,0,0,1,0,0,0,1
4939,0,1,1,0,0,0,1,0,0,0,1,1,0,0,0,0,0
4806,0,1,1,0,0,0,1,0,0,0,1,1,0,0,0,0,0
1818,0,0,0,1,1,0,0,0,0,0,0,0,0,0,0,0,1
2006,0,1,1,0,0,0,1,0,0,0,0,0,1,0,0,0,0
3562,1,0,0,0,0,0,0,0,0,0,0,0,0,0,0,0,0
5226,0,1,1,0,0,0,1,0,0,0,1,1,0,0,0,0,0
19606,0,1,1,0,0,0,1,0,0,1,1,1,0,0,0,0,1
4226,0,1,0,0,0,0,0,0,0,0,0,0,0,0,0,0,0
4896,1,0,0,0,0,0,0,0,0,0,0,0,0,0,0,0,0
4273,0,1,1,0,0,0,1,0,0,0,1,1,0,0,0,0,0
4050,0,1,1,0,0,0,1,0,0,0,1,1,0,0,0,0,0
4300,1,0,0,0,0,0,0,0,0,0,0,0,0,0,0,0,0
5350,1,0,0,0,0,0,0,0,0,0,0,0,0,0,0,0,0
3787,0,1,1,0,0,0,0,0,0,0,0,0,0,0,0,0,0
5257,0,0,0,0,0,0,1,0,0,0,0,0,0,0,0,0,0
4569,1,1,1,0,0,0,1,0,0,0,1,1,0,0,0,0,0
3731,0,1,0,1,1,0,1,0,0,1,0,0,1,0,0,0,1
5018,1,0,0,0,0,0,1,0,0,0,0,0,0,0,0,0,0
5241,0,1,1,0,0,0,1,0,0,0,1,1,0,0,0,0,0
3554,0,1,1,0,0,0,1,0,0,0,1,1,0,0,0,0,0
3689,0,1,1,0,0,0,1,0,0,0,1,1,0,0,0,0,0
3244,1,1,0,0,0,0,1,0,0,1,0,0,1,0,0,1,0
4306,1,0,0,0,0,0,1,0,0,0,0,0,0,0,0,0,0
4336,0,1,1,0,0,0,1,0,0,0,1,1,0,0,0,0,0
3860,0,1,1,0,0,0,1,0,0,0,1,1,0,0,0,0,0
3734,0,1,1,0,0,0,1,0,0,0,1,1,0,0,0,0,0
4726,0,1,1,0,0,0,1,0,0,0,1,1,0,0,0,0,0
3982,0,1,0,1,1,0,1,0,0,1,0,0,1,0,0,0,1
5476,0,1,1,0,0,0,1,0,0,0,1,1,0,0,0,0,0
1664,0,1,1,0,0,0,1,0,0,0,0,0,1,0,0,0,0
4683,0,1,1,0,0,0,1,0,0,0,1,1,0,0,0,0,0
3983,0,1,0,1,1,0,1,0,0,0,0,0,1,1,0,0,1
3505,0,1,0,1,1,0,1,0,0,1,0,0,1,0,0,0,1
4958,0,1,1,0,0,0,1,0,0,0,1,1,0,0,0,0,0
5396,1,0,0,0,0,0,0,0,0,0,0,0,0,0,0,0,0
4807,0,1,1,0,0,0,1,0,0,0,1,1,0,0,0,0,0
4122,0,1,1,0,0,0,1,0,0,0,1,1,0,0,0,0,0
4073,0,1,1,0,0,0,1,0,0,0,1,1,0,0,0,0,0
4111,0,1,1,0,0,0,1,0,0,0,1,1,0,0,0,0,0
4506,1,0,0,0,0,0,0,0,0,0,0,0,0,0,0,0,0
5122,0,1,0,1,1,0,1,0,0,1,0,0,1,0,0,0,1
3527,0,1,0,1,1,0,1,0,0,1,0,0,1,0,0,0,1
3682,0,1,1,0,0,0,1,0,0,0,1,1,0,0,0,0,0
4912,0,1,1,0,0,0,1,0,0,0,1,1,0,0,0,0,0
5534,0,1,1,0,0,0,1,0,0,0,1,1,0,0,0,0,0
4458,1,0,0,0,0,0,0,0,0,0,0,0,0,0,0,0,0
4867,0,1,1,0,0,0,1,0,0,0,1,1,0,0,0,0,0
3541,0,1,0,1,1,0,1,0,0,1,0,0,1,0,0,0,1
3790,0,1,1,0,0,0,1,0,0,0,1,1,0,0,0,0,0
4886,0,1,1,0,0,0,1,0,0,0,1,1,0,0,0,0,0
4138,0,1,1,0,0,0,1,0,0,0,1,1,0,0,0,0,0
4792,1,1,1,0,0,0,1,0,0,0,1,1,0,0,0,0,0
4146,0,1,1,0,0,0,1,0,0,0,1,1,0,0,0,0,0
4412,1,1,1,0,0,0,1,0,0,0,1,1,0,0,0,0,0
4091,0,1,1,0,0,0,1,0,0,0,1,1,0,0,0,0,0
1898,0,1,1,0,0,0,1,0,0,0,0,0,1,0,0,0,0
4500,0,1,0,0,0,0,0,0,0,0,0,0,0,0,0,0,0
4231,0,1,1,0,0,0,1,0,0,0,1,1,0,0,0,0,0
3504,0,1,0,1,1,0,1,0,0,1,0,0,1,0,0,0,1
5459,0,1,1,0,0,0,1,0,0,1,1,1,0,0,0,0,0
4781,0,1,1,0,0,0,1,0,0,0,1,1,0,0,0,0,0
4247,1,0,0,0,0,0,0,0,0,0,0,0,0,0,0,0,0
3680,0,1,0,1,1,0,1,0,0,1,0,0,1,0,0,0,1
5083,0,1,1,0,0,0,1,0,0,0,1,1,0,0,0,0,0
4083,0,1,1,0,0,0,1,0,0,0,1,1,0,0,0,0,0
3656,1,0,0,0,0,0,0,0,0,0,0,0,0,0,0,0,0
3879,0,1,1,0,0,0,1,0,0,0,1,1,0,0,0,0,0
3769,0,1,0,0,0,0,0,0,0,0,0,0,0,0,0,1,0
4866,0,1,1,0,0,0,1,0,0,0,1,1,0,0,0,0,0
4797,0,1,1,0,0,0,1,0,0,0,1,1,0,0,0,0,0
4824,0,1,1,0,0,0,1,0,0,0,1,1,0,0,0,0,0
5531,0,1,1,0,0,0,1,0,0,0,1,1,0,0,0,0,0
4036,1,1,1,0,0,0,1,0,0,0,1,1,0,0,0,0,0
3578,0,1,1,0,0,0,1,0,0,0,1,1,0,0,0,0,0
4573,0,1,1,0,0,0,1,0,0,0,1,1,0,0,0,0,0
5157,0,1,1,0,0,0,1,0,0,0,1,1,0,0,0,0,0
4638,0,1,1,0,0,0,1,0,0,0,1,1,0,0,0,0,0
5310,1,1,1,0,0,0,1,0,0,0,1,1,0,0,0,0,0
4530,1,0,0,0,0,0,0,0,0,0,0,0,0,0,0,0,0
5293,1,0,0,0,0,0,0,0,0,0,0,0,0,0,0,0,0
4608,0,1,1,0,0,0,1,0,0,0,1,1,0,0,0,0,0
3687,0,1,1,0,0,0,1,0,0,0,1,1,0,0,0,0,0
5069,0,1,1,0,0,0,1,0,0,0,1,1,0,0,0,0,0
3926,0,1,1,0,0,0,1,0,0,0,1,1,0,0,0,0,0
4931,1,0,0,0,0,0,0,0,0,0,0,0,0,0,0,0,0
3902,0,1,0,1,1,0,1,0,0,1,0,0,1,0,0,0,1
5341,1,0,0,0,0,0,0,0,0,0,0,0,0,0,0,0,0
5466,1,1,1,0,0,0,1,0,0,0,1,1,0,0,0,0,0
2673,1,1,1,0,0,0,1,0,0,1,0,0,0,0,0,0,0
5095,0,1,0,1,1,0,1,0,0,1,0,0,1,0,0,0,1
4252,0,1,1,0,0,0,1,0,0,0,1,1,0,0,0,0,0
4124,1,1,1,0,0,0,1,0,0,0,1,1,0,0,0,0,0
4689,0,1,1,0,0,0,1,0,0,0,1,1,0,0,0,0,0
3503,0,1,0,1,1,0,1,0,0,1,0,0,1,0,0,0,1
4309,0,1,1,0,0,0,1,0,0,0,1,1,0,0,0,0,0
4881,0,1,1,0,0,0,1,0,0,0,1,1,0,0,0,0,0
3748,0,1,1,0,0,0,1,0,0,0,1,1,0,0,0,0,0
4218,0,1,1,0,0,0,1,0,0,0,1,1,0,0,0,0,0
3904,0,1,1,1,0,0,1,0,0,1,1,1,1,0,1,0,1
4205,0,1,1,0,0,0,1,0,0,0,1,1,0,0,0,0,0
5547,0,1,1,0,0,0,1,0,0,0,1,1,0,0,0,0,0
3549,0,1,1,0,0,0,1,0,0,0,1,1,0,0,0,0,0
5284,1,0,0,0,0,0,0,0,0,0,0,0,0,0,0,0,0
4567,1,1,1,0,0,0,1,0,0,0,1,1,0,0,0,0,0
5560,0,1,1,0,0,0,1,0,0,0,1,1,1,0,0,0,1
3782,0,1,1,0,0,0,1,0,0,0,0,0,0,0,0,1,0
4312,0,1,1,0,0,0,1,0,0,0,1,1,1,0,0,0,1
4101,0,1,1,0,0,0,1,0,0,0,1,1,0,0,0,0,0
4495,1,0,0,0,0,0,0,0,0,0,0,0,0,0,0,0,0
3668,0,1,0,1,1,0,1,0,0,1,0,0,1,0,0,0,1
4841,0,1,1,0,0,0,1,0,0,0,1,1,0,0,0,0,0
3897,0,1,0,1,1,0,1,0,0,1,0,0,1,0,0,0,1
3539,0,1,0,1,1,0,1,0,0,1,0,0,1,0,0,0,1
4123,0,1,1,0,0,0,1,0,0,0,1,1,0,0,0,0,0
4291,1,0,0,0,0,0,0,0,0,0,0,0,0,0,0,0,0
5207,0,1,1,0,0,0,1,0,0,0,1,1,0,0,0,0,0
5533,0,1,1,0,0,0,1,0,0,0,1,1,0,0,0,0,0
4910,1,0,0,0,0,0,0,0,0,0,0,0,0,0,0,0,0
5667,0,1,1,0,0,0,1,0,0,0,1,1,0,0,0,0,0
3538,0,1,0,1,1,0,1,0,0,1,0,0,1,0,0,0,1
4999,0,1,1,0,0,0,1,0,0,0,1,1,0,0,0,0,0
5139,0,1,0,1,1,0,1,0,0,1,0,0,1,0,0,0,1
3496,0,1,0,1,1,0,1,0,0,1,0,0,1,0,0,0,1
4127,1,0,0,0,0,0,0,0,0,0,0,0,0,0,0,0,0
3486,0,1,0,1,1,0,1,0,0,1,0,0,1,0,0,0,1
5217,0,1,1,0,0,0,1,0,0,0,1,1,0,0,0,0,0
4397,0,1,1,0,0,0,1,0,0,0,1,1,0,0,0,0,0
3516,0,1,0,1,1,0,1,0,0,1,0,0,1,0,0,0,1
5695,1,0,0,0,0,0,0,0,0,0,0,0,0,0,0,0,0
3494,0,1,0,1,1,0,1,0,0,1,0,0,1,0,0,0,1
5255,1,0,0,0,0,0,0,0,0,0,0,0,0,0,0,0,0
5670,0,1,1,0,0,0,1,0,0,0,1,1,0,0,0,0,0
4433,0,1,1,0,0,0,1,0,0,0,1,1,0,0,0,0,0
4949,0,1,1,0,0,0,1,0,0,0,1,1,0,0,0,0,0
5514,0,1,1,0,0,0,1,0,0,0,1,1,0,0,0,0,0
4283,1,0,0,0,0,0,0,0,0,0,0,0,0,0,0,0,0
5005,0,1,1,0,0,0,1,0,0,0,1,1,0,0,0,0,0
5129,0,1,0,1,1,0,1,0,0,1,0,0,1,0,0,0,1
5228,0,1,1,0,0,0,1,0,0,0,1,1,0,0,0,0,0
3992,0,1,0,1,1,0,1,0,0,1,0,0,1,0,0,0,1
1804,0,1,1,0,0,0,1,0,0,0,0,0,0,0,0,0,0
4351,0,1,1,0,0,0,1,0,0,0,1,1,0,0,0,0,0
3524,0,1,0,1,1,0,1,0,0,1,0,0,1,0,0,0,1
1417,0,1,1,0,0,0,1,0,0,0,0,1,1,0,0,0,0
4131,1,0,0,0,0,0,0,0,0,0,0,0,0,0,0,0,0
3727,0,1,1,0,0,0,1,0,0,0,1,1,0,0,0,0,0
4065,0,1,1,0,0,0,1,0,0,0,1,1,0,0,0,0,0
3584,0,1,1,0,0,0,1,0,0,0,1,1,0,0,0,0,0
5619,0,1,1,0,0,0,1,0,0,0,1,1,0,0,0,0,0
4096,0,1,1,0,0,0,1,0,0,0,1,1,0,0,0,0,0
5058,1,0,0,0,0,0,0,0,0,0,0,0,0,0,0,0,0
4466,0,1,1,0,0,0,1,0,0,0,1,1,0,0,0,0,0
5489,0,1,1,0,0,0,1,0,0,0,1,1,0,0,0,0,0
4925,1,0,0,0,0,0,0,0,0,0,0,0,0,0,0,0,0
5178,0,1,1,0,0,0,1,0,0,0,1,1,0,0,0,0,0
4874,0,1,1,0,0,0,1,0,0,0,1,1,0,0,0,0,0
5521,0,1,1,0,0,0,1,0,0,0,1,1,0,0,0,0,0
4487,1,1,1,0,0,0,1,0,0,0,1,1,0,0,0,0,0
4019,0,1,0,1,1,0,1,0,0,1,0,0,1,0,0,0,1
4406,0,1,1,0,0,0,1,0,0,0,1,1,0,0,0,0,0
4062,0,1,1,0,0,0,1,0,0,0,1,1,0,0,0,0,0
4079,0,1,1,0,0,0,1,0,0,0,1,1,0,0,0,0,0
5386,0,1,1,0,0,0,1,0,0,0,1,1,0,0,0,0,0
3609,1,0,0,0,0,0,0,0,0,0,0,0,0,0,0,0,0
5410,0,1,1,0,0,0,1,0,0,0,1,1,0,0,0,0,0
4033,0,1,1,0,0,0,1,0,0,0,1,1,0,0,0,0,0
3646,0,1,1,0,0,0,1,0,0,0,1,1,1,0,0,0,0
4629,0,1,1,0,0,0,1,0,0,0,1,1,0,0,0,0,0
5227,0,1,1,0,0,0,1,0,0,0,1,1,0,0,0,0,0
5617,1,0,0,0,0,0,0,0,0,0,0,0,0,0,0,0,0
4711,0,1,1,0,0,0,1,0,0,0,1,1,0,0,0,0,0
4015,0,1,0,1,1,0,1,0,0,1,0,0,1,0,0,0,1
5105,0,1,1,1,0,0,1,0,0,1,1,1,1,0,1,0,1
5486,0,1,1,0,0,0,1,0,0,0,1,1,0,0,0,0,0
3544,0,1,0,1,1,0,1,0,0,1,0,0,1,0,0,0,1
5656,0,1,0,0,0,0,0,0,0,0,0,0,0,0,0,0,0
3899,0,1,0,1,1,0,1,0,0,1,0,0,1,0,0,0,1
5080,0,1,1,0,0,0,1,0,0,0,1,1,0,0,0,0,0
4408,0,1,1,0,0,0,1,0,0,0,1,1,0,0,0,0,0
4650,0,1,1,0,0,0,1,0,0,0,1,1,0,0,0,0,0
5124,0,1,0,1,1,0,1,0,0,1,0,0,1,0,0,0,1
4282,0,1,1,0,0,0,1,0,0,0,1,1,0,0,0,0,0
5224,0,1,1,0,0,0,1,0,0,0,1,1,0,0,0,0,0
4956,0,1,1,0,0,0,1,0,0,0,1,1,0,0,0,0,0
4077,0,1,1,0,0,0,1,0,0,0,1,1,0,0,0,0,0
3867,0,1,1,0,0,0,1,0,0,0,1,1,0,0,0,0,0
1024,0,1,0,0,0,0,0,0,0,0,0,0,0,0,0,0,0
3535,0,1,0,1,1,0,1,0,0,1,0,0,1,0,0,0,1
4592,0,1,1,0,0,0,1,0,0,0,1,1,0,0,0,0,0
3615,0,1,1,0,0,0,1,0,0,0,1,1,0,0,0,0,0
5355,0,1,1,0,0,0,1,0,0,0,1,1,0,0,0,0,0
4043,1,1,1,0,0,0,1,0,0,0,1,1,0,0,0,0,0
3596,0,1,1,0,0,0,1,0,0,0,1,1,0,0,0,0,0
4060,0,1,1,0,0,0,1,0,0,0,1,1,0,0,0,0,0
5079,0,1,1,0,0,0,1,0,0,0,1,1,0,0,0,0,0
5608,1,0,0,0,0,0,0,0,0,0,0,0,0,0,0,0,0
4523,0,1,1,0,0,0,1,0,0,0,1,1,0,0,0,0,0
4586,0,1,1,0,0,0,1,0,0,0,1,1,0,0,0,0,0
5518,0,1,1,0,0,0,1,0,0,0,1,1,0,0,0,0,0
4005,0,1,0,1,1,0,1,0,0,1,0,0,1,0,0,0,1
3501,0,1,0,1,1,0,1,0,0,1,0,0,1,0,0,0,1
1731,1,0,0,0,0,0,1,0,0,1,0,0,1,0,0,0,0
3575,0,1,1,0,0,0,1,0,0,0,1,1,0,0,0,0,0
3582,1,0,0,0,0,0,0,0,0,0,0,0,0,0,0,0,0
4149,0,1,1,0,0,0,1,0,0,0,1,1,0,0,0,0,0
5234,0,1,1,0,0,0,1,0,0,0,1,1,0,0,0,0,0
5532,0,1,1,0,0,0,1,0,0,0,1,1,0,0,0,0,0
5334,0,1,1,0,0,0,1,0,0,0,1,1,0,0,0,0,0
4897,0,1,1,0,0,0,1,0,0,0,1,1,0,0,0,0,0
4304,1,0,0,0,0,0,0,0,0,0,0,0,0,0,0,0,0
3531,0,1,0,1,1,0,1,0,0,1,0,0,1,0,0,0,1
4413,0,1,1,0,0,0,1,0,0,0,1,1,0,0,0,0,0
5709,1,0,0,0,0,0,0,0,0,0,0,0,0,0,0,0,0
3873,1,1,1,0,1,0,1,0,0,0,1,1,0,0,0,1,1
4828,0,1,1,0,0,0,1,0,0,0,1,1,0,0,0,0,0
4991,1,0,0,0,0,0,0,0,0,0,0,0,0,0,0,0,0
5559,0,1,1,0,0,0,1,0,0,0,1,1,0,0,0,0,0
3480,0,1,1,0,0,0,1,0,0,0,1,1,0,0,0,0,0
4705,1,0,0,0,0,0,0,0,0,0,0,0,0,0,0,0,0
5475,0,1,1,0,0,0,1,0,0,0,1,1,0,0,0,0,0
3670,0,1,1,0,0,0,1,0,0,0,1,1,0,0,0,0,0
3912,0,1,1,0,0,0,1,0,0,0,1,1,0,0,0,0,1
4392,0,1,1,0,0,0,1,0,0,0,1,1,0,0,0,0,0
5067,1,0,0,0,0,0,0,0,0,0,0,0,0,0,0,0,0
5482,0,1,1,0,0,0,1,0,0,0,1,1,0,0,0,0,0
3941,0,1,1,0,0,0,1,0,0,0,1,1,0,0,0,0,0
5616,0,1,1,0,0,0,1,0,0,0,1,1,0,0,0,0,0
4080,0,1,1,0,0,0,1,0,0,0,1,1,0,0,0,0,0
5540,0,1,1,0,0,0,1,0,0,0,1,1,0,0,0,0,0
5352,0,1,1,0,0,0,1,0,0,0,1,1,0,0,0,0,0
3587,0,1,1,0,0,0,1,0,0,0,1,1,0,0,0,0,0
3947,0,1,1,0,0,0,1,0,0,0,1,1,0,0,0,0,0
5126,0,1,0,1,1,0,1,0,0,1,0,0,1,0,0,0,1
1103,0,1,1,0,0,0,1,1,1,0,0,0,1,0,0,1,0
5592,0,1,1,0,0,0,1,0,0,0,1,1,0,0,0,0,0
3788,1,1,0,0,0,0,1,0,0,0,0,0,0,0,0,0,0
5175,0,1,1,0,0,0,1,0,0,0,1,1,0,0,0,0,0
5652,0,1,1,0,0,0,1,0,0,0,1,1,0,0,0,0,0
4947,0,1,1,0,0,0,1,0,0,0,1,1,0,0,0,0,0
3703,0,1,0,0,0,0,1,0,0,0,0,0,0,0,0,1,0
3755,0,1,1,0,0,0,1,0,0,0,1,1,0,0,0,0,0
5528,0,1,1,0,0,0,1,0,0,0,1,1,0,0,0,0,0
4158,1,0,0,0,0,0,0,0,0,0,0,0,0,0,0,0,0
5634,0,1,1,0,0,0,1,0,0,0,1,1,0,0,0,0,0
5426,1,0,0,0,0,0,0,0,0,0,0,0,0,0,0,0,0
4738,1,0,0,0,0,0,0,0,0,0,0,0,0,0,0,0,0
5503,0,1,1,0,0,0,1,0,0,0,1,1,0,0,0,0,0
5494,0,1,1,0,0,0,1,0,0,0,1,1,0,0,0,0,0
4783,0,1,1,0,0,0,1,0,0,1,1,1,0,0,0,0,0
5088,0,1,1,0,0,0,1,0,0,1,1,1,0,0,0,0,0
4457,0,1,1,0,0,0,1,0,0,0,1,1,0,0,0,0,0
4481,1,0,0,0,0,0,0,0,0,0,0,0,0,0,0,0,0
4527,1,0,0,0,0,0,0,0,0,0,0,0,0,0,0,0,0
4602,0,1,1,0,0,0,1,0,0,0,1,1,0,0,0,0,0
3802,0,0,0,1,1,0,0,0,0,0,0,0,1,0,0,0,1
5010,0,1,1,0,0,0,1,0,0,0,1,1,0,0,0,0,0
4349,0,1,1,0,0,0,1,0,0,0,1,1,0,0,0,0,0
4451,0,1,1,0,0,0,1,0,0,0,1,1,0,0,0,0,0
5128,0,1,0,1,1,0,1,0,0,1,0,0,1,0,0,0,1
4712,0,1,1,0,0,0,1,0,0,0,1,1,0,0,0,0,0
4708,1,0,0,0,0,0,0,0,0,0,0,0,0,0,0,0,0
5325,0,1,1,0,0,0,1,0,0,0,1,1,0,0,0,0,0
5203,0,1,1,0,0,0,1,0,0,0,1,1,0,0,0,0,0
4171,0,1,1,0,0,0,1,0,0,0,1,1,0,0,0,0,0
4576,0,1,1,0,0,0,1,0,0,0,1,1,0,0,0,0,0
4385,0,1,1,0,0,0,1,0,0,0,1,1,0,0,0,0,0
5313,0,1,1,0,0,0,1,0,0,0,1,1,0,0,0,0,0
4572,0,1,1,0,0,0,1,0,0,0,1,1,0,0,0,0,0
5212,0,1,1,0,0,0,1,0,0,0,1,1,0,0,0,0,0
4847,0,1,1,0,0,0,1,0,0,0,1,1,0,0,0,0,0
4415,0,1,1,0,0,0,1,0,0,0,1,1,0,0,0,0,0
5269,1,0,0,0,0,0,0,0,0,0,0,0,0,0,0,0,0
5613,0,1,1,0,0,0,1,0,0,0,1,1,0,0,0,0,0
4225,0,1,1,0,0,0,1,0,0,0,1,1,0,0,0,0,0
4037,0,1,1,0,0,0,1,0,0,0,1,1,0,0,0,0,0
5543,0,1,1,0,0,0,1,0,0,0,1,1,0,0,0,0,0
5061,1,0,0,0,0,0,0,0,0,0,0,0,0,0,0,0,0
4952,0,1,1,0,0,0,1,0,0,0,1,1,0,0,0,0,0
4658,1,1,1,0,0,0,1,0,0,0,0,0,0,0,1,0,0
4069,0,1,1,0,0,0,1,0,0,0,1,1,0,0,0,0,0
5456,0,0,0,0,0,0,0,0,0,0,0,0,0,0,1,0,0
5012,0,1,1,0,0,0,1,0,0,0,1,1,0,0,0,0,0
3500,0,1,0,1,1,0,1,0,0,1,0,0,1,0,0,0,1
3509,0,1,0,1,1,0,1,0,0,1,0,0,1,0,0,0,1
19603,0,0,0,0,0,0,0,0,0,1,0,0,0,0,0,0,0
5552,0,1,1,0,0,0,1,0,0,0,1,1,0,0,0,0,0
4313,0,1,0,1,1,0,1,0,0,1,0,0,1,0,0,0,1
5631,0,1,1,0,0,0,1,0,0,0,1,1,0,0,0,0,0
3684,0,1,1,0,0,0,1,0,0,0,1,1,0,0,0,0,0
3894,0,1,0,1,1,0,1,0,0,1,0,0,1,0,0,0,1
4819,0,1,1,0,0,0,1,0,0,0,1,1,0,0,0,0,0
3999,0,1,0,1,1,0,1,0,0,1,0,0,1,0,0,0,1
5180,0,1,1,0,0,0,1,0,0,0,1,1,0,0,0,0,0
4259,1,0,0,0,0,0,0,0,0,0,0,0,0,0,0,0,0
5049,1,0,0,0,0,0,0,0,0,0,0,0,0,0,0,0,0
5165,0,1,1,0,0,0,1,0,0,0,1,1,0,0,0,0,0
5151,1,1,1,0,0,0,1,0,0,0,1,1,0,0,0,0,0
4984,0,1,1,0,0,0,1,0,0,0,1,1,0,0,0,0,0
5582,1,1,1,0,0,0,1,0,0,0,0,0,0,0,1,0,0
4303,0,1,1,0,0,0,1,0,0,0,1,1,0,0,0,0,0
4369,0,1,1,0,0,0,1,0,0,0,1,1,0,0,0,0,0
5517,0,1,1,0,0,0,1,0,0,0,1,1,0,0,0,0,0
5307,0,1,1,0,0,0,1,0,0,0,1,1,0,0,0,0,0
4387,0,1,1,0,0,0,1,0,0,0,1,1,0,0,0,0,0
3770,0,1,1,0,0,0,1,0,0,0,1,1,0,0,0,0,0
5036,0,1,1,0,0,0,1,0,0,0,1,1,0,0,0,0,0
5034,0,0,0,0,0,0,1,0,0,0,0,0,0,0,0,0,0
4744,1,0,0,0,0,0,0,0,0,0,0,0,0,0,0,0,0
5365,0,1,1,0,0,0,1,0,0,0,1,1,0,0,0,0,0
4704,0,1,1,0,0,0,1,0,0,0,1,1,0,0,0,0,0
5332,1,0,0,0,0,0,0,0,0,0,0,0,0,0,0,0,0
3845,0,1,1,0,0,0,1,0,0,0,1,1,0,0,0,0,0
3890,0,1,0,1,1,0,1,0,0,1,0,0,1,0,0,0,1
5127,0,1,0,1,1,0,1,0,0,1,0,0,1,0,0,0,1
4399,0,1,1,0,0,0,1,0,0,0,1,1,0,0,0,0,0
5048,0,1,1,0,0,0,1,0,0,0,1,1,0,0,0,0,0
4643,0,1,1,0,0,0,1,0,0,0,1,1,0,0,0,0,0
5611,1,0,0,0,0,0,0,0,0,0,0,0,0,0,0,0,0
4128,0,1,1,0,0,0,1,0,0,0,1,1,0,0,0,0,0
4058,0,1,1,0,0,0,1,0,0,0,1,1,0,0,0,0,0
4012,0,1,0,1,1,0,1,0,0,1,0,0,1,0,0,0,1
4229,1,0,0,0,0,0,0,0,0,0,0,0,0,0,0,0,0
5599,1,0,0,0,0,0,0,0,0,0,0,0,0,0,0,0,0
4852,0,1,1,0,0,0,1,0,0,0,1,1,0,0,0,0,0
5213,0,1,1,0,0,0,1,0,0,0,1,1,0,0,0,0,0
5469,1,1,1,0,0,0,1,0,0,0,1,1,0,0,0,0,0
853,0,1,0,1,1,0,1,0,0,0,0,0,1,1,0,0,1
3852,0,1,0,1,1,0,1,0,0,0,0,0,1,1,0,0,1
4207,1,0,0,0,0,0,0,0,0,0,0,0,0,0,0,0,0
4169,1,0,0,0,0,0,0,0,0,0,0,0,0,0,0,0,0
2686,1,1,1,1,1,1,1,0,0,1,1,1,1,1,0,1,1
5100,0,1,0,1,1,0,1,0,0,1,0,0,1,0,0,0,1
4152,1,1,1,0,0,0,1,0,0,0,0,0,0,0,1,0,0
5358,0,1,1,0,0,0,1,0,0,0,1,1,0,0,0,0,0
4044,0,1,1,0,0,0,1,0,0,0,1,1,0,0,0,0,0
3876,1,1,0,0,0,0,1,0,0,0,0,0,0,0,0,0,0
4695,0,1,1,0,0,0,1,0,0,0,1,1,0,0,0,0,0
4577,0,1,1,0,0,0,1,0,0,0,1,1,0,0,0,0,0
5537,0,1,1,0,0,0,1,0,0,0,1,1,0,0,0,0,0
5135,0,1,0,1,1,0,1,0,0,1,0,0,1,0,0,0,1
4100,0,1,1,0,0,0,1,0,0,0,1,1,0,0,0,0,0
5516,0,1,1,0,0,0,1,0,0,0,1,1,0,0,0,0,0
5153,0,1,1,0,0,0,1,0,0,0,1,1,0,0,0,0,0
5622,0,1,1,0,0,0,1,0,0,0,1,1,0,0,0,0,0
5230,0,1,1,0,0,0,1,0,0,0,1,1,0,0,0,0,0
4654,0,1,1,0,0,0,1,0,0,0,1,1,0,0,0,0,0
3517,0,1,0,1,1,0,1,0,0,1,0,0,1,0,0,0,1
3481,0,1,1,0,0,0,1,0,0,1,1,1,0,0,0,0,0
5221,0,1,1,0,0,0,1,0,0,0,1,1,0,0,0,0,0
3490,0,1,0,1,1,0,1,0,0,1,0,0,1,0,0,0,1
2708,0,1,0,1,1,0,1,0,0,1,0,0,1,0,0,0,1
3478,0,1,1,0,0,0,1,0,0,0,1,1,0,0,0,0,0
4981,0,1,1,0,0,0,1,0,0,0,1,1,0,0,0,0,0
5700,1,0,0,0,0,0,0,0,0,0,0,0,0,0,0,0,0
4222,0,1,1,0,0,0,1,0,0,0,1,1,0,0,0,0,0
5205,0,1,1,0,0,0,1,0,0,0,1,1,0,0,0,0,0
4619,0,1,1,0,0,0,1,0,0,0,1,1,0,0,0,0,0
3880,0,1,0,1,1,0,1,0,0,1,0,0,1,0,0,0,1
5507,0,1,1,0,0,0,1,0,0,0,1,1,0,0,0,0,0
3526,0,1,0,1,1,0,1,0,0,1,0,0,1,0,0,0,1
5136,0,1,0,1,1,0,1,0,0,1,0,0,1,0,0,0,1
3889,0,1,0,1,1,0,1,0,0,1,0,0,1,0,0,0,1
3810,1,1,1,0,0,0,1,0,0,0,0,0,0,0,0,1,0
4544,1,0,0,0,0,0,0,0,0,0,0,0,0,0,0,0,0
5174,0,1,1,0,0,0,1,0,0,0,1,1,0,0,0,0,0
5164,0,1,1,0,0,0,1,0,0,0,1,1,0,0,0,0,0
5190,0,1,1,0,0,0,1,0,0,0,1,1,0,0,0,0,0
4099,0,1,1,0,0,0,1,0,0,0,1,1,0,0,0,0,0
4434,0,0,0,0,0,0,1,0,0,0,0,0,0,0,0,0,0
5604,0,1,1,0,0,0,1,0,0,0,1,1,0,0,0,0,0
3893,0,1,0,1,1,0,1,0,0,1,0,0,1,0,0,0,1
3627,1,0,0,0,0,0,1,0,0,0,0,0,0,0,0,0,0
3506,0,1,0,1,1,0,1,0,0,1,0,0,1,0,0,0,1
2566,1,1,0,0,0,0,1,0,0,1,0,0,1,0,0,1,0
3951,1,0,0,0,0,0,0,0,0,0,0,0,0,0,0,0,0
4791,0,1,1,0,0,0,1,0,0,0,1,1,0,0,0,0,0
5087,0,1,1,0,0,0,1,0,0,0,1,1,0,0,0,0,0
3665,0,1,1,0,0,0,1,0,0,0,1,1,0,0,0,0,0
5281,1,0,0,0,0,0,0,0,0,0,0,0,0,0,0,0,0
3724,0,1,1,0,0,0,1,0,0,0,1,1,0,0,0,0,0
5370,0,1,1,0,0,0,1,0,0,0,1,1,0,0,0,0,0
3865,0,1,0,1,1,0,1,0,0,1,0,0,1,0,0,0,1
5625,0,1,1,0,0,0,1,0,0,0,1,1,0,0,0,0,0
5605,1,0,0,0,0,0,0,0,0,0,0,0,0,0,0,0,0
4308,0,1,1,0,0,0,1,0,0,0,1,1,0,0,0,0,0
3602,0,1,1,0,0,0,1,0,0,0,1,1,0,0,0,0,0
3525,0,1,0,1,1,0,1,0,0,1,0,0,1,0,0,0,1
5244,0,1,1,0,0,0,1,0,0,0,1,1,0,0,0,0,0
5076,1,0,0,0,0,0,0,0,0,0,0,0,0,0,0,0,0
5289,0,1,1,0,0,0,1,0,0,0,1,1,0,0,0,0,0
5025,0,1,1,0,0,0,1,0,0,0,1,1,0,0,0,0,0
5602,1,0,0,0,0,0,0,0,0,0,0,0,0,0,0,0,0
3984,0,1,0,1,1,0,1,0,0,1,0,0,1,0,0,0,1
5148,0,1,1,0,0,0,1,0,0,1,1,1,0,0,0,0,0
5431,0,1,1,0,0,0,1,0,0,0,1,1,0,0,0,0,0
4631,0,1,1,0,0,0,1,0,0,0,1,1,0,0,0,0,0
4220,0,1,1,0,0,0,1,0,0,0,1,1,0,0,0,0,0
5685,0,1,1,0,0,0,1,0,0,0,1,1,0,0,0,0,0
5086,0,1,1,0,0,0,1,0,0,0,1,1,0,0,0,0,1
5161,0,1,1,0,0,0,1,0,0,0,1,1,0,0,0,0,0
3677,0,1,0,1,1,0,1,0,0,1,0,0,1,0,0,0,1
3570,0,0,0,0,0,0,1,0,0,0,0,0,0,0,0,0,0
5564,0,1,1,0,0,0,1,0,0,0,1,1,0,0,0,0,0
5682,0,1,1,0,0,0,1,0,0,0,1,1,0,0,0,0,0
5283,0,1,1,0,0,0,1,0,0,0,1,1,0,0,0,0,0
5085,0,1,1,0,0,0,1,0,0,0,1,1,0,0,0,0,0
4322,0,1,0,1,1,0,1,0,0,1,0,0,1,0,0,0,1
3373,1,1,0,0,0,0,1,0,0,1,0,0,1,0,0,0,0
4875,0,1,1,0,0,0,1,0,0,0,1,1,0,0,0,0,0
4461,1,0,0,0,0,0,0,0,0,0,0,0,0,0,0,0,0
5193,0,1,1,0,0,0,1,0,0,0,1,1,0,0,0,0,0
5447,0,1,0,1,1,0,1,0,0,0,0,0,1,0,0,0,1
4488,0,1,1,0,0,0,1,0,0,0,1,1,0,0,0,0,0
3990,0,1,0,1,1,0,1,0,0,1,0,0,1,0,0,0,1
5703,0,1,1,0,0,0,1,0,0,0,1,1,0,0,0,0,0
5229,0,1,1,0,0,0,1,0,0,0,1,1,0,0,0,0,0
4618,0,1,1,0,0,0,1,0,0,0,1,1,0,0,0,0,0
4409,0,1,1,0,0,0,1,0,0,0,1,1,0,0,0,0,0
4647,0,1,1,0,0,0,1,0,0,0,1,1,0,0,0,0,0
5705,1,0,0,0,0,0,0,0,0,0,0,0,0,0,0,0,0
4057,0,1,1,0,0,0,1,0,0,0,1,1,0,0,0,0,0
5162,1,1,1,0,0,0,1,0,0,0,1,1,0,0,0,0,0
3491,0,1,0,1,1,0,1,0,0,1,0,0,1,0,0,0,1
4684,1,0,0,0,0,0,0,0,0,0,0,0,0,0,0,0,0
5470,0,1,1,0,0,0,1,0,0,0,1,1,0,0,0,0,0
4762,1,0,0,0,0,0,0,0,0,0,0,0,0,0,0,0,0
3932,0,1,1,0,0,0,1,0,0,0,1,1,0,0,0,0,0
3872,0,1,1,0,0,0,1,0,0,0,1,1,0,0,0,0,0
4102,0,1,1,0,0,0,1,0,0,0,1,1,0,0,0,0,0
4529,0,1,1,0,0,0,1,0,0,0,1,1,0,0,0,0,0
5420,1,0,0,0,0,0,0,0,0,0,0,0,0,0,0,0,0
4147,0,1,1,0,0,0,1,0,0,0,1,1,0,0,0,0,0
5198,0,1,1,0,0,0,1,0,0,0,1,1,0,0,0,0,0
4265,1,0,0,0,0,0,0,0,0,0,0,0,0,0,0,0,0
3959,0,1,1,0,0,0,1,0,0,0,1,1,0,0,0,0,0
3675,0,1,1,0,0,0,1,0,0,0,1,1,0,0,0,0,0
4532,0,1,1,0,0,0,1,0,0,0,1,1,0,0,0,0,0
4959,1,0,0,0,0,0,0,0,0,0,0,0,0,0,0,0,0
4133,0,1,1,0,0,0,1,0,0,0,1,1,0,0,0,0,0
4398,0,1,1,0,0,0,1,0,0,0,1,1,0,0,0,0,0
4858,0,1,1,0,0,0,1,0,0,0,1,1,0,0,0,0,0
5315,0,1,1,0,0,0,1,0,0,0,1,1,0,0,0,0,0
4597,0,1,1,0,0,0,1,0,0,0,1,1,0,0,0,0,0
5302,0,1,1,0,0,0,1,0,0,0,1,1,0,0,0,0,0
4354,0,1,1,0,0,0,1,0,0,0,1,1,0,0,0,0,0
5075,0,1,1,0,0,0,1,0,0,0,1,1,0,0,0,0,0
5254,0,1,1,0,0,0,1,0,0,0,1,1,0,0,0,0,0
3605,0,1,1,0,0,0,1,0,0,0,1,1,0,0,0,0,0
5450,0,1,0,1,1,0,1,0,0,1,0,0,1,0,0,0,1
4078,0,1,1,0,0,0,1,0,0,0,1,1,0,0,0,0,0
4031,0,1,1,0,0,0,1,0,0,0,1,1,0,0,0,0,0
3691,1,1,0,1,1,1,1,0,0,0,0,1,0,0,0,0,1
5033,0,1,1,0,0,0,1,0,0,0,1,1,0,0,0,0,0
3957,1,0,0,0,0,0,0,0,0,0,0,0,0,0,0,0,0
5060,0,1,1,0,0,0,1,0,0,0,1,1,0,0,0,0,0
5247,0,1,1,0,0,0,1,0,0,0,1,1,0,0,0,0,0
3997,0,1,0,1,1,0,1,0,0,1,0,0,1,0,0,0,1
3537,0,1,0,1,1,0,1,0,0,1,0,0,1,0,0,0,1
4975,0,1,1,0,0,0,1,0,0,0,1,1,0,0,0,0,0
5632,1,0,0,0,0,0,0,0,0,0,0,0,0,0,0,0,0
4873,0,1,1,0,0,0,1,0,0,0,1,1,0,0,0,0,0
4883,0,1,1,0,0,0,1,0,0,0,1,1,0,0,0,0,0
5691,0,1,1,0,0,0,1,0,0,0,1,1,0,0,0,0,0
5688,0,1,1,0,0,0,1,0,0,0,1,1,0,0,0,0,0
3797,1,1,0,1,1,1,1,0,0,0,0,1,0,0,0,0,1
5099,0,1,0,1,1,0,1,0,0,1,0,0,1,0,0,0,1
4604,0,1,1,0,0,0,1,0,0,0,1,1,0,0,0,0,0
5272,1,0,0,0,0,0,0,0,0,0,0,0,0,0,0,0,0
4887,0,1,1,0,0,0,1,0,0,0,1,1,0,0,0,0,0
5401,0,1,1,0,0,0,1,0,0,0,1,1,0,0,0,0,0
5698,0,1,1,0,0,0,1,0,0,0,1,1,0,0,0,0,0
5659,1,0,0,0,0,0,0,0,0,0,0,0,0,0,0,0,0
4256,1,0,0,0,0,0,0,0,0,0,0,0,0,0,0,0,0
4178,1,0,0,0,0,0,0,0,0,0,0,0,0,0,0,0,0
4651,0,1,1,0,0,0,1,0,0,0,1,1,0,0,0,0,0
4845,0,1,1,0,0,0,1,0,0,0,1,1,0,0,0,0,0
4795,0,1,1,0,0,0,1,0,0,0,1,1,0,0,0,0,0
4056,0,1,1,0,0,0,1,0,0,0,1,1,0,0,0,0,0
4476,1,0,0,0,0,0,0,0,0,0,0,0,0,0,0,0,0
4407,0,1,1,0,0,0,1,0,0,0,1,1,0,0,0,0,0
4064,0,1,1,0,0,0,1,0,0,0,1,1,0,0,0,0,0
4553,1,1,1,1,1,1,1,0,0,1,1,1,1,1,0,1,1
5223,0,1,1,0,0,0,1,0,0,0,1,1,0,0,0,0,0
4720,0,1,1,0,0,0,1,0,0,0,1,1,0,0,0,0,0
2694,0,1,1,0,0,0,1,0,0,1,1,1,0,0,0,0,0
3714,0,1,1,1,1,0,1,0,0,0,0,1,1,1,0,0,1
2688,0,1,0,1,1,1,1,0,0,0,0,1,0,0,0,0,1
3891,0,1,0,1,1,0,1,0,0,1,0,0,1,0,0,0,1
3772,0,1,1,0,0,0,1,0,0,0,1,1,0,0,0,0,0
3657,1,0,0,0,0,0,1,0,0,0,0,0,0,0,0,0,0
4032,1,1,1,0,0,0,1,0,0,0,1,1,0,0,0,0,0
4907,1,0,0,0,0,0,0,0,0,0,0,0,0,0,0,0,0
4535,0,1,1,0,0,0,1,0,0,0,1,1,0,0,0,0,0
4589,0,1,1,0,0,0,1,0,0,0,1,1,0,0,0,0,0
5347,1,0,0,0,0,0,0,0,0,0,0,0,0,0,0,0,0
4556,0,1,1,0,0,0,1,0,0,1,1,1,0,0,0,0,0
4652,1,1,1,0,0,0,1,0,0,0,1,1,0,0,0,0,0
5484,0,1,1,0,0,0,1,0,0,0,1,1,0,0,0,0,0
4752,0,1,1,0,0,0,1,0,0,0,1,1,0,0,0,0,0
4452,1,0,0,0,0,0,0,0,0,0,0,0,0,0,0,0,0
5587,0,1,1,0,0,0,1,0,0,0,1,1,0,0,0,0,0
2199,0,0,0,0,0,0,0,0,0,1,0,0,0,0,0,0,0
4460,0,1,1,0,0,0,1,0,0,0,1,1,0,0,0,0,0
5329,1,0,0,0,0,0,0,0,0,0,0,0,0,0,0,0,0
5648,0,1,1,0,0,0,1,0,0,0,1,1,0,0,0,0,0
2765,0,1,1,1,1,0,0,0,0,0,0,0,1,0,0,0,1
4007,0,1,0,1,1,0,1,0,0,1,0,0,1,0,0,0,1
3745,0,1,1,0,0,0,1,0,0,0,1,1,0,0,0,0,0
4633,0,1,1,0,0,0,1,0,0,0,1,1,0,0,0,0,0
4357,0,1,1,0,0,0,1,0,0,0,1,1,0,0,0,0,0
3871,0,1,1,0,0,0,1,0,0,0,1,1,0,0,0,0,0
5545,0,1,1,0,0,0,1,0,0,0,1,1,0,0,0,0,0
3628,1,0,0,0,0,0,0,0,0,0,0,0,0,0,0,0,0
5120,0,1,0,1,1,0,1,0,0,1,0,0,1,0,0,0,1
3908,0,1,0,0,0,0,1,0,0,0,0,0,0,0,0,1,0
4936,0,1,1,0,0,0,1,0,0,0,1,1,0,0,0,0,0
5116,0,1,0,1,1,0,1,0,0,1,0,0,1,0,0,0,1
5506,0,1,1,0,0,0,1,0,0,0,1,1,0,0,0,0,0
2395,1,1,0,0,0,0,1,0,0,1,0,0,1,0,0,0,0
2826,0,0,0,0,0,0,0,0,0,1,0,0,0,0,0,0,0
5573,0,1,1,0,0,0,1,0,0,0,1,1,0,0,0,0,0
3545,0,1,1,0,0,0,1,0,0,1,1,1,0,0,0,0,0
4137,0,1,1,0,0,0,1,0,0,0,1,1,0,0,0,0,0
5588,1,0,0,0,0,0,0,0,0,0,0,0,0,0,0,0,0
5029,0,1,1,0,0,0,1,0,0,0,1,1,0,0,0,0,0
4713,1,0,0,0,0,0,0,0,0,0,0,0,0,0,0,0,0
5243,1,1,1,0,0,0,1,0,0,0,1,1,0,0,0,0,0
5344,1,0,0,0,0,0,0,0,0,0,0,0,0,0,0,0,0
3612,1,0,0,0,0,0,0,0,0,0,0,0,0,0,0,0,0
4829,0,1,1,0,0,0,1,0,0,0,1,1,0,0,0,0,0
5346,0,1,1,0,0,0,1,0,0,0,1,1,0,0,0,0,0
4821,0,1,1,0,0,0,1,0,0,0,1,1,0,0,0,0,0
5259,0,1,1,0,0,0,1,0,0,0,1,1,0,0,0,0,0
4211,0,1,1,0,0,0,1,0,0,0,1,1,0,0,0,0,0
4093,0,1,1,0,0,0,1,0,0,0,1,1,0,0,0,0,0
4285,1,0,0,0,0,0,1,0,0,0,0,0,0,0,0,0,0
3568,1,0,0,0,0,0,0,0,0,0,0,0,0,0,0,0,0
3710,0,1,1,0,1,0,1,0,0,0,1,1,0,0,0,0,1
4526,0,1,1,0,0,0,1,0,0,0,1,1,0,0,0,0,0
4579,0,1,1,0,0,0,1,0,0,0,1,1,0,0,0,0,0
3735,0,1,1,1,1,0,1,0,0,0,1,1,0,0,0,0,1
4045,0,1,1,0,0,0,1,0,0,0,1,1,0,0,0,0,0
4655,0,1,1,0,0,0,1,0,0,0,1,1,0,0,0,0,0
4009,0,1,0,1,1,0,1,0,0,1,0,0,1,0,0,0,1
4278,1,0,0,0,0,0,0,0,0,0,0,0,0,0,0,0,0
5194,0,1,1,0,0,0,1,0,0,0,1,1,0,0,0,0,0
5436,0,1,1,0,0,0,1,0,0,0,1,1,0,0,0,0,0
3773,1,1,1,0,1,0,1,0,0,0,1,1,0,0,0,1,1
4076,0,1,1,0,0,0,1,0,0,0,1,1,0,0,0,0,0
5511,0,1,1,0,0,0,1,0,0,0,1,1,0,0,0,0,0
5707,1,0,0,0,0,0,1,0,0,0,0,0,0,0,0,0,0
5713,0,1,1,0,0,0,1,0,0,1,1,1,0,0,0,0,0
4419,0,1,1,0,0,0,1,0,0,0,1,1,0,0,0,0,0
3981,0,1,0,1,1,0,1,0,0,1,0,0,1,0,0,0,1
4246,0,1,1,0,0,0,1,0,0,0,1,1,0,0,0,0,0
3851,0,1,0,1,1,0,1,0,0,0,0,0,1,1,0,0,1
3701,0,1,0,0,0,0,1,0,0,0,0,0,0,0,0,0,0
3514,0,1,0,1,1,0,1,0,0,1,0,0,1,0,0,0,1
4355,0,1,1,0,0,0,1,0,0,0,1,1,0,0,0,0,0
5246,0,1,1,0,0,0,1,0,0,0,1,1,0,0,0,0,0
5549,0,1,1,0,0,0,1,0,0,0,1,1,0,0,0,0,0
4160,0,0,0,0,0,0,1,0,0,0,0,0,0,0,0,0,0
4805,0,1,1,0,0,0,1,0,0,0,1,1,0,0,0,0,0
2163,0,0,0,0,0,0,0,0,0,1,0,0,0,0,0,0,0
4814,0,1,1,0,0,0,1,0,0,0,1,1,0,0,0,0,0
3690,0,1,1,0,0,0,0,0,0,0,0,0,0,0,0,0,0
3922,1,0,0,0,0,0,0,0,0,0,0,0,0,0,0,0,0
5710,1,0,0,0,0,0,1,0,0,0,0,0,0,0,0,0,0
5664,0,1,1,0,0,0,1,0,0,0,1,1,0,0,0,0,0
3884,0,1,1,0,0,0,1,0,0,0,1,1,0,0,0,0,0
5042,0,1,1,0,0,0,1,0,0,0,1,1,0,0,0,0,0
4594,0,1,1,0,0,0,1,0,0,0,1,1,0,0,0,0,0
3993,0,1,0,1,1,0,1,0,0,1,0,0,1,0,0,0,1
5337,0,1,1,0,0,0,1,0,0,0,1,1,0,0,0,0,0
4395,0,1,1,0,0,0,1,0,0,0,1,1,0,0,0,0,0
5444,0,1,0,1,1,0,1,0,0,1,0,0,1,0,0,0,1
2934,0,0,0,0,0,0,0,0,0,1,0,0,0,0,0,0,0
3366,0,1,1,1,0,0,0,0,0,0,0,0,1,0,0,0,1
5091,0,1,0,1,1,0,1,0,0,1,0,0,1,0,0,0,1
4849,0,1,1,0,0,0,1,0,0,0,1,1,0,0,0,0,0
5554,1,1,1,0,0,0,1,0,0,0,1,1,0,0,0,0,0
5173,0,1,1,0,0,0,1,0,0,0,1,1,0,0,0,0,0
3515,0,1,0,1,1,0,1,0,0,1,0,0,1,0,0,0,1
5322,0,1,1,0,0,0,1,0,0,0,1,1,0,0,0,0,0
4243,0,1,1,0,0,0,1,0,0,0,1,1,0,0,0,0,0
5596,1,0,0,0,0,0,0,0,0,0,0,0,0,0,0,0,0
3819,0,1,0,0,0,0,0,0,0,0,0,0,0,0,0,0,0
4901,0,1,0,0,0,0,0,0,0,0,0,0,0,0,0,0,0
4472,0,1,1,0,0,0,1,0,0,0,1,1,0,0,0,0,0
5317,0,1,1,0,0,0,1,0,0,0,1,1,0,0,0,0,0
4174,0,1,1,0,0,0,1,0,0,0,1,1,0,0,0,0,0
4098,0,1,1,0,0,0,1,0,0,0,1,1,0,0,0,0,0
4921,0,1,1,0,0,0,1,0,0,0,1,1,0,0,0,0,0
3864,0,1,0,1,1,0,1,0,0,1,0,0,1,0,0,0,1
4997,1,0,0,0,0,0,0,0,0,0,0,0,0,0,0,0,0
4238,1,0,0,0,0,0,0,0,0,0,0,0,0,0,0,0,0
5455,1,1,1,1,1,1,1,0,0,1,1,1,1,1,0,1,1
5563,0,1,1,0,0,0,1,0,0,0,1,1,0,0,0,0,0
4512,1,0,0,0,0,0,0,0,0,0,0,0,0,0,0,0,0
5439,0,1,1,0,0,0,1,0,0,0,1,1,0,0,0,0,1
5140,0,1,0,1,1,0,1,0,0,1,0,0,1,0,0,0,1
4270,1,0,0,0,0,0,0,0,0,0,0,0,0,0,0,0,0
3942,1,0,0,0,0,0,0,0,0,0,0,0,0,0,0,0,0
3523,0,1,1,0,0,0,1,0,0,0,1,1,0,0,0,0,0
4630,0,1,1,0,0,0,1,0,0,0,1,1,0,0,0,0,0
3939,1,0,0,0,0,0,0,0,0,0,0,0,0,0,0,0,0
4400,0,1,1,0,0,0,1,0,0,0,1,1,0,0,0,0,0
4367,0,1,1,0,0,0,1,0,0,0,1,1,0,0,0,0,0
3743,0,1,0,1,1,0,1,0,0,1,0,0,1,0,0,0,1
4106,0,1,1,0,0,0,1,0,0,0,1,1,0,0,0,0,0
3728,0,1,1,0,0,0,0,0,0,0,0,0,0,0,0,0,0
4323,0,1,1,0,0,0,1,0,0,1,1,1,0,0,0,0,0
5583,1,1,1,0,0,0,1,0,0,0,1,1,1,0,0,0,1
4353,0,1,1,0,0,0,1,0,0,0,1,1,0,0,0,0,0
5214,0,1,1,0,0,0,1,0,0,0,1,1,0,0,0,0,0
4809,0,1,1,0,0,0,1,0,0,0,1,1,0,0,0,0,0
5694,0,1,1,0,0,0,1,0,0,0,1,1,0,0,0,0,0
5637,1,0,0,0,0,0,0,0,0,0,0,0,0,0,0,0,0
5541,0,1,1,0,0,0,1,0,0,0,1,1,0,0,0,0,0
4388,0,1,1,0,0,0,1,0,0,0,1,1,0,0,0,0,0
4467,1,0,0,0,0,0,0,0,0,0,0,0,0,0,0,0,0
3956,0,1,1,0,0,0,1,0,0,0,1,1,0,0,0,0,0
5286,0,1,1,0,0,0,1,0,0,0,1,1,0,0,0,0,0
5006,0,1,1,0,0,0,1,0,0,0,1,1,0,0,0,0,0
4735,1,0,0,0,0,0,0,0,0,0,0,0,0,0,0,0,0
1416,0,1,0,1,1,0,1,0,0,0,0,0,0,0,0,0,1
4993,0,1,1,0,0,0,1,0,0,0,1,1,0,0,0,0,0
4741,1,0,0,0,0,0,0,0,0,0,0,0,0,0,0,0,0
4414,1,1,1,0,0,0,1,0,0,0,1,1,0,0,0,0,0
3573,0,1,0,0,0,0,0,0,0,0,0,0,0,0,0,0,0
5131,0,1,0,1,1,0,1,0,0,1,0,0,1,0,0,0,1
4115,0,1,1,0,0,0,1,0,0,0,1,1,0,0,0,0,0
4042,0,1,1,0,0,0,1,0,0,0,1,1,0,0,0,0,0
3588,1,0,0,0,0,0,0,0,0,0,0,0,0,0,0,0,0
5728,0,1,1,0,0,0,1,0,0,0,1,1,0,0,0,0,0
4848,0,1,1,0,0,0,1,0,0,0,1,1,0,0,0,0,0
5017,1,0,0,0,0,0,0,0,0,0,0,0,0,0,0,0,0
4114,0,1,1,0,0,0,1,0,0,0,1,1,0,0,0,0,0
3916,1,0,0,0,0,0,0,0,0,0,0,0,0,0,0,0,0
3635,1,1,0,0,0,0,1,0,0,0,1,0,0,0,0,0,0
3853,0,1,0,1,1,0,1,0,0,0,0,0,1,1,0,0,1
5019,1,1,1,1,0,0,1,0,0,0,1,1,1,1,0,1,1
5496,0,1,1,0,0,0,1,0,0,0,1,1,0,0,0,0,0
3717,0,1,0,0,0,0,1,0,0,0,0,0,0,0,0,1,0
3477,0,1,1,0,0,0,1,0,0,0,1,1,0,0,0,0,1
3923,0,1,1,0,0,0,1,0,0,0,1,1,0,0,0,0,0
3798,0,1,1,0,1,0,1,0,0,0,1,1,0,0,0,0,1
4796,1,1,1,0,0,0,1,0,0,0,1,1,0,0,0,0,0
4363,0,1,1,0,0,0,1,0,0,0,1,1,0,0,0,0,0
4470,1,0,0,0,0,0,0,0,0,0,0,0,0,0,0,0,0
4358,0,1,1,0,0,0,1,0,0,0,1,1,0,0,0,0,0
5107,0,1,0,1,1,0,1,0,0,1,0,0,1,0,0,0,1
4094,0,1,1,0,0,0,1,0,0,0,1,1,0,0,0,0,0
4776,1,0,0,0,0,0,0,0,0,0,0,0,0,0,0,0,0
4449,1,0,0,0,0,0,0,0,0,0,0,0,0,0,0,0,0
5716,0,1,1,0,0,0,1,0,0,0,1,1,0,0,0,0,1
5453,0,1,0,1,1,0,1,0,0,1,0,0,1,0,0,0,1
5379,1,0,0,0,0,0,0,0,0,0,0,0,0,0,0,0,0
5149,0,1,1,0,0,0,1,0,0,0,1,1,0,0,0,0,0
3705,0,1,0,0,0,0,1,0,0,0,0,1,0,0,0,1,0
3616,0,1,1,0,0,0,1,0,0,0,1,1,0,0,0,0,0
5201,0,1,1,0,0,0,1,0,0,0,1,1,0,0,0,0,0
4601,0,1,1,0,0,0,1,0,0,0,1,1,0,0,0,0,0
5437,0,1,1,0,0,0,1,0,0,0,1,1,0,0,0,0,0
5002,0,1,1,0,0,0,1,0,0,0,1,1,0,0,0,0,0
5711,1,1,1,1,0,0,1,0,0,0,1,1,1,1,0,1,1
4338,0,1,1,0,0,0,1,0,0,0,1,1,0,0,0,0,0
975,0,1,0,0,0,0,0,0,0,0,0,0,0,0,0,0,0
4518,1,0,0,0,0,0,0,0,0,0,0,0,0,0,0,0,0
4790,0,1,1,0,0,0,1,0,0,0,1,1,0,0,0,0,0
4816,0,1,1,0,0,0,1,0,0,0,1,1,0,0,0,0,0
5553,0,1,1,0,0,0,1,0,0,0,1,1,0,0,0,0,0
3764,0,1,1,0,0,0,1,0,0,0,1,1,0,0,0,0,0
4199,1,0,0,0,0,0,0,0,0,0,0,0,0,0,0,0,0
4235,1,0,0,0,0,0,0,0,0,0,0,0,0,0,0,0,0
5372,1,1,1,1,0,0,1,0,0,0,1,1,1,1,0,1,1
3555,0,1,0,1,1,0,1,0,0,1,0,0,1,0,0,0,1
4267,0,1,1,0,0,0,1,0,0,0,1,1,0,0,0,0,0
3597,1,0,0,0,0,0,0,0,0,0,0,0,0,0,0,0,0
4440,1,0,0,0,0,0,0,0,0,0,0,0,0,0,0,0,0
5679,0,1,1,0,0,0,1,0,0,0,1,1,0,0,0,0,0
3556,1,1,1,0,0,0,1,0,0,1,1,1,1,0,0,0,1
5236,0,1,1,0,0,0,1,0,0,0,1,1,0,0,0,0,0
4163,0,1,0,0,0,0,0,0,0,0,0,0,0,0,0,0,0
4787,0,1,1,0,0,0,1,0,0,1,1,1,0,0,0,0,0
5343,0,1,1,0,0,0,1,0,0,0,1,1,0,0,0,0,0
4119,0,1,1,0,0,0,1,0,0,0,1,1,0,0,0,0,0
3986,0,1,0,1,1,0,1,0,0,0,0,0,1,1,0,0,1
5066,0,1,1,0,0,0,1,0,0,0,1,1,0,0,0,0,0
5101,0,1,0,1,1,0,1,0,0,1,0,0,1,0,0,0,1
3919,0,1,1,0,0,0,1,0,0,0,1,1,0,0,0,0,0
3843,0,1,1,0,0,0,1,0,0,0,1,1,0,0,0,0,0
4827,0,1,1,0,0,0,1,0,0,0,1,1,0,0,0,0,0
5581,0,1,1,0,0,0,1,0,0,0,1,1,0,0,0,0,0
4195,0,1,1,0,0,0,1,0,0,0,1,1,0,0,0,0,0
3495,0,1,0,1,1,0,1,0,0,1,0,0,1,0,0,0,1
4934,1,0,0,0,0,0,0,0,0,0,0,0,0,0,0,0,0
4365,0,1,1,0,0,0,1,0,0,0,1,1,0,0,0,0,0
3859,0,1,1,0,0,0,1,0,0,0,1,1,0,0,0,0,0
5199,0,1,1,0,0,0,1,0,0,0,1,1,0,0,0,0,0
5160,1,1,1,0,0,0,1,0,0,0,1,1,0,0,0,0,0
4241,1,0,0,0,0,0,0,0,0,0,0,0,0,0,0,0,0
4082,0,1,1,0,0,0,1,0,0,0,1,1,0,0,0,0,0
5015,1,0,0,0,0,0,1,0,0,0,0,0,0,0,0,0,0
3638,1,0,0,0,0,0,0,0,0,0,0,0,0,0,0,0,0
5509,0,1,1,0,0,0,1,0,0,0,1,1,0,0,0,0,0
5183,0,1,1,0,0,0,1,0,0,0,1,1,0,0,0,0,0
5525,0,1,1,0,0,0,1,0,0,0,1,1,0,0,0,0,0
4678,1,0,0,0,0,0,0,0,0,0,0,0,0,0,0,0,0
5378,0,1,1,0,0,0,1,0,0,0,1,1,0,0,0,0,0
4443,1,0,0,0,0,0,0,0,0,0,0,0,0,0,0,0,0
4627,0,1,1,0,0,0,1,0,0,0,1,1,0,0,0,0,0
4815,0,1,1,0,0,0,1,0,0,0,1,1,0,0,0,0,0
4649,0,1,1,0,0,0,1,0,0,0,1,1,0,0,0,0,0
5385,1,0,0,0,0,0,0,0,0,0,0,0,0,0,0,0,0
4305,1,0,0,0,0,0,0,0,0,0,0,0,0,0,0,0,0
3862,0,1,1,0,0,0,1,0,0,0,1,1,0,0,0,0,0
5119,0,1,0,1,1,0,1,0,0,1,0,0,1,0,0,0,1
4086,0,1,1,0,0,0,1,0,0,0,1,1,0,0,0,0,0
5298,0,1,1,0,0,0,1,0,0,0,1,1,0,0,0,0,0
3567,0,1,1,0,0,0,1,0,0,0,1,1,0,0,0,0,0
5548,1,1,1,0,0,0,1,0,0,0,1,1,0,0,0,0,0
3966,1,0,0,0,0,0,0,0,0,0,0,0,0,0,0,0,0
4216,0,1,1,0,0,0,1,0,0,0,1,1,0,0,0,0,0
5449,0,1,0,1,1,0,1,0,0,1,0,0,1,0,0,0,1
3624,1,0,0,0,0,0,1,0,0,0,0,0,0,0,0,0,0
4960,0,1,1,0,0,0,1,0,0,0,1,1,0,0,0,0,0
5250,1,1,1,0,0,0,1,0,0,0,1,1,1,0,0,0,1
4891,1,1,1,0,0,0,1,0,0,0,1,1,1,0,0,0,1
3489,0,1,0,1,1,0,1,0,0,1,0,0,1,0,0,0,1
3553,0,1,1,0,0,0,1,0,0,0,1,1,0,0,0,0,0
3560,1,1,1,0,0,0,1,0,0,0,1,1,0,0,0,0,0
3988,0,1,0,1,1,0,1,0,0,1,0,0,1,0,0,0,1
3640,1,0,0,0,0,0,1,0,0,0,0,0,0,0,0,0,0
5523,0,1,1,0,0,0,1,0,0,0,1,1,0,0,0,0,0
4801,1,1,1,0,0,0,1,0,0,0,1,1,0,0,0,0,0
4734,0,1,1,0,0,0,1,0,0,0,1,1,0,0,0,0,0
5143,0,1,0,1,1,0,1,0,0,1,0,0,1,0,0,0,1
3529,0,1,0,1,1,0,1,0,0,1,0,0,1,0,0,0,1
4659,1,1,1,0,0,0,1,0,0,0,1,1,1,0,0,0,1
5465,0,1,1,0,0,0,1,0,0,0,1,1,0,0,0,0,0
3898,0,1,0,1,1,0,1,0,0,1,0,0,1,0,0,0,1
5104,1,1,1,1,0,0,1,0,0,1,0,1,1,0,0,0,1
5561,1,0,0,0,0,0,0,0,0,0,0,0,0,0,0,0,0
4333,0,1,1,0,0,0,1,0,0,0,1,1,0,0,0,0,0
5478,0,1,1,0,0,0,1,0,0,0,1,1,0,0,0,0,0
4963,0,1,1,0,0,0,1,0,0,0,1,1,0,0,0,0,0
5197,0,1,1,0,0,0,1,0,0,0,1,1,0,0,0,0,0
3895,0,1,0,1,1,0,1,0,0,1,0,0,1,0,0,0,1
4030,0,1,1,0,0,0,1,0,0,0,1,1,0,0,0,0,0
4607,0,1,1,0,0,0,1,0,0,0,1,1,0,0,0,0,0
4316,0,1,1,0,0,0,1,0,0,1,1,1,0,0,0,0,0
3910,1,1,1,0,0,0,1,0,0,1,1,1,1,0,0,0,1
5262,0,1,1,0,0,0,1,0,0,0,1,1,0,0,0,0,0
4802,0,1,1,0,0,0,1,0,0,0,1,1,0,0,0,0,0
4166,1,0,0,0,0,0,0,0,0,0,0,0,0,0,0,0,0
4361,0,1,1,0,0,0,1,0,0,0,1,1,0,0,0,0,0
4071,0,1,1,0,0,0,1,0,0,0,1,1,0,0,0,0,0
4770,0,1,1,0,0,0,1,0,0,0,1,1,0,0,0,0,0
5527,0,1,1,0,0,0,1,0,0,0,1,1,0,0,0,0,0
4722,0,1,1,0,0,0,1,0,0,0,1,1,0,0,0,0,0
5014,1,0,0,0,0,0,0,0,0,0,0,0,0,0,0,0,0
2693,0,0,0,1,1,1,0,0,0,1,0,0,0,0,0,0,1
3634,0,1,1,0,0,0,1,0,0,0,1,1,0,0,0,0,0
3855,0,1,0,1,1,0,1,0,0,1,0,0,1,0,0,0,1
4328,1,1,1,0,0,0,1,0,0,0,1,1,0,0,0,0,0
3623,1,0,0,0,0,0,0,0,0,0,0,0,0,0,0,0,0
5530,0,1,1,0,0,0,1,0,0,0,1,1,0,0,0,0,0
5565,1,0,0,0,0,0,0,0,0,0,0,0,0,0,0,0,0
4198,0,1,1,0,0,0,1,0,0,0,1,1,0,0,0,0,0
4860,0,1,1,0,0,0,1,0,0,0,1,1,0,0,0,0,0
4368,0,1,1,0,0,0,1,0,0,0,1,1,0,0,0,0,0
874,0,0,0,0,0,0,0,0,0,1,0,0,0,0,0,0,0
4888,0,1,1,0,0,0,1,0,0,0,1,1,0,0,0,0,0
4255,0,1,1,0,0,0,1,0,0,0,1,1,0,0,0,0,0
4204,0,1,1,0,0,0,1,0,0,0,1,1,0,0,0,0,0
679,0,1,0,0,0,0,1,0,0,0,0,0,0,0,0,0,0
4548,0,1,1,0,0,0,1,0,0,0,1,1,0,0,0,0,0
3552,0,1,1,0,0,0,1,0,0,0,1,1,0,0,0,0,0
4719,1,1,1,0,0,0,1,0,0,0,1,1,0,0,0,0,0
4410,0,1,1,0,0,0,1,0,0,0,1,1,0,0,0,0,0
3909,0,1,0,1,1,0,1,0,0,1,0,0,1,0,0,0,1
4112,0,1,1,0,0,0,1,0,0,0,1,1,0,0,0,0,0
5411,1,0,0,0,0,0,0,0,0,0,0,0,0,0,0,0,0
4375,0,1,1,0,0,0,1,0,0,0,1,1,0,0,0,0,0
3543,0,1,0,1,1,0,1,0,0,1,0,0,1,0,0,0,1
5169,0,1,1,0,0,0,1,0,0,0,1,1,0,0,0,0,0
5114,0,1,0,1,1,0,1,0,0,1,0,0,1,0,0,0,1
4825,0,1,1,0,0,0,1,0,0,0,1,1,0,0,0,0,0
4664,1,0,0,0,0,0,0,0,0,0,0,0,0,0,0,0,0
5137,0,1,0,1,1,0,1,0,0,1,0,0,1,0,0,0,1
4004,0,1,0,1,1,0,1,0,0,1,0,0,1,0,0,0,1
4277,1,0,0,0,0,0,1,0,0,0,0,0,0,0,0,0,0
4321,0,0,0,0,0,0,0,0,0,0,0,0,0,0,1,0,0
3654,0,1,0,1,1,0,1,0,0,1,0,0,1,0,0,0,1
4869,0,1,1,0,0,0,1,0,0,0,1,1,0,0,0,0,0
5555,0,1,1,0,0,0,1,0,0,0,1,1,0,0,0,0,0
5037,0,1,0,0,0,0,0,0,0,0,0,0,0,0,0,0,0
4180,0,1,1,0,0,0,1,0,0,0,1,1,0,0,0,0,0
4150,0,1,1,0,0,0,1,0,0,0,1,1,0,0,0,0,0
5239,0,1,1,0,0,0,1,0,0,0,1,1,0,0,0,0,0
5084,0,1,1,0,0,0,1,0,0,0,1,1,0,0,0,0,0
3476,1,0,0,0,0,0,0,0,0,0,0,0,0,0,0,0,0
5013,1,0,0,0,0,0,0,0,0,0,0,0,0,0,0,0,0
4843,0,1,1,0,0,0,1,0,0,0,1,1,0,0,0,0,0
5661,0,1,1,0,0,0,1,0,0,0,1,1,0,0,0,0,0
4595,0,1,1,0,0,0,1,0,0,0,1,1,0,0,0,0,0
3522,0,1,1,1,0,0,1,0,0,1,1,1,1,0,1,0,1
5567,0,1,1,0,0,0,1,0,0,0,1,1,0,0,0,0,0
5692,1,0,0,0,0,0,0,0,0,0,0,0,0,0,0,0,0
3930,1,0,0,0,0,0,0,0,0,0,0,0,0,0,0,0,0
3761,0,1,1,0,0,0,0,0,0,0,0,0,0,0,0,0,0
4559,0,1,1,0,0,0,1,0,0,0,1,1,0,0,0,0,0
4511,0,1,1,0,0,0,1,0,0,0,1,1,0,0,0,0,0
4317,0,1,0,1,1,0,1,0,0,1,0,0,1,0,0,0,1
4364,0,1,1,0,0,0,1,0,0,0,1,1,0,0,0,0,0
5089,0,1,1,0,0,0,1,0,0,1,1,1,0,0,0,0,0
3987,0,1,0,1,1,0,1,0,0,1,0,0,1,0,0,0,1
4515,1,0,0,0,0,0,0,0,0,0,0,0,0,0,0,0,0
3974,0,1,1,0,0,0,1,0,0,0,1,1,0,0,0,0,0
5158,1,1,1,0,0,0,1,0,0,0,1,1,0,0,0,0,0
5072,0,1,1,0,0,0,1,0,0,0,1,1,0,0,0,0,0
4120,0,1,1,0,0,0,1,0,0,0,1,1,0,0,0,0,0
5414,1,0,0,0,0,0,0,0,0,0,0,0,0,0,0,0,0
4284,1,0,0,0,0,0,0,0,0,0,0,0,0,0,0,0,0
5680,1,0,0,0,0,0,0,0,0,0,0,0,0,0,0,0,0
5389,0,1,1,0,0,0,1,0,0,0,1,1,0,0,0,0,0
4979,1,0,0,0,0,0,0,0,0,0,0,0,0,0,0,0,0
5715,1,0,0,0,0,0,0,0,0,0,0,0,0,0,0,0,0
3608,0,1,1,0,0,0,1,0,0,0,1,1,0,0,0,0,0
3774,0,1,1,0,0,0,1,0,0,0,1,1,0,0,0,0,0
4839,0,1,1,0,0,0,1,0,0,0,1,1,0,0,0,0,0
5510,0,1,1,0,0,0,1,0,0,0,1,1,0,0,0,0,0
4555,0,1,1,0,0,0,1,0,0,1,1,1,0,0,0,0,0
3534,0,1,0,1,1,0,1,0,0,1,0,0,1,0,0,0,1
5399,1,0,0,0,0,0,0,0,0,0,0,0,0,0,0,0,0
4000,0,1,0,1,1,0,1,0,0,1,0,0,1,0,0,0,1
3540,0,1,0,1,1,0,1,0,0,1,0,0,1,0,0,0,1
4598,0,1,1,0,0,0,1,0,0,0,1,1,0,0,0,0,0
5097,0,1,0,1,1,0,1,0,0,1,0,0,1,0,0,0,1
5215,0,1,1,0,0,0,1,0,0,0,1,1,0,0,0,0,0
5636,0,1,1,0,0,0,1,0,0,0,1,1,0,0,0,0,0
4436,0,1,1,0,0,0,1,0,0,0,1,1,0,0,0,0,0
4494,0,1,1,0,0,0,1,0,0,0,1,1,0,0,0,0,0
4976,1,0,0,0,0,0,0,0,0,0,0,0,0,0,0,0,0
1023,1,1,0,0,0,0,1,0,0,1,0,0,0,0,0,1,0
5109,0,1,0,1,1,0,1,0,0,1,0,0,1,0,0,0,1
4381,0,1,1,0,0,0,1,0,0,0,1,1,0,0,0,0,0
4492,0,1,1,0,0,0,1,0,0,0,1,1,0,0,0,0,0
5423,1,0,0,0,0,0,0,0,0,0,0,0,0,0,0,0,0
5483,0,1,1,0,0,0,1,0,0,0,1,1,0,0,0,0,0
4767,0,1,1,0,0,0,1,0,0,0,1,1,0,0,0,0,0
4755,0,1,1,0,0,0,1,0,0,0,1,1,0,0,0,0,0
4747,1,0,0,0,0,0,0,0,0,0,0,0,0,0,0,0,0
3530,0,1,0,1,1,0,1,0,0,1,0,0,1,0,0,0,1
4646,1,1,1,0,0,0,1,0,0,0,1,1,0,0,0,0,0
4483,0,1,1,0,0,0,1,0,0,0,1,1,0,0,0,0,0
4663,0,1,1,0,0,0,1,0,0,0,1,1,0,0,0,0,0
4561,0,1,1,0,0,0,1,0,0,0,1,1,0,0,0,0,0
2706,0,1,1,0,0,0,1,0,0,1,1,1,0,0,0,0,0
5610,0,1,1,0,0,0,1,0,0,0,1,1,0,0,0,0,0
4764,0,1,1,0,0,0,1,0,0,0,1,1,0,0,0,0,0
4423,0,1,1,0,0,0,1,0,0,0,1,1,0,0,0,0,0
4628,0,1,1,0,0,0,1,0,0,0,1,1,0,0,0,0,0
4016,0,1,1,0,0,0,0,0,0,0,0,0,0,0,0,0,0
5413,0,1,1,0,0,0,1,0,0,0,1,1,0,0,0,0,0
4151,0,1,1,0,0,0,1,0,0,0,1,1,0,0,0,0,0
3696,0,0,0,1,1,0,0,0,0,0,0,1,0,0,0,0,1
5485,0,1,1,0,0,0,1,0,0,0,1,1,0,0,0,0,0
4990,0,1,1,0,0,0,1,0,0,0,1,1,0,0,0,0,0
5154,0,1,1,0,0,0,1,0,0,0,1,1,0,0,0,0,0
4214,0,1,1,0,0,0,1,0,0,0,1,1,0,0,0,0,0
3778,0,1,0,1,1,0,1,0,0,0,0,0,1,1,0,0,1
5387,0,0,0,0,0,0,1,0,0,0,0,0,0,0,0,0,0
3483,0,1,1,0,0,0,1,0,0,1,1,1,0,0,0,0,0
3643,1,0,0,0,0,0,0,0,0,0,0,0,0,0,0,0,0
5210,0,1,1,0,0,0,1,0,0,0,1,1,0,0,0,0,0
3785,1,1,1,0,1,0,1,0,0,0,1,1,0,0,0,1,1
4048,0,1,1,0,0,0,1,0,0,0,1,1,0,0,0,0,0
4614,0,1,1,0,0,0,1,0,0,0,1,1,0,0,0,0,0
3886,0,1,1,0,0,0,1,0,0,0,1,1,0,0,0,0,0
4437,0,1,0,0,0,0,0,0,0,0,0,0,0,0,0,0,0
5323,0,1,0,0,0,0,0,0,0,0,0,0,0,0,0,0,0
4859,0,1,1,0,0,0,1,0,0,0,1,1,0,0,0,0,0
3907,0,1,0,1,1,0,1,0,0,1,0,0,1,0,0,0,1
3885,0,1,1,1,1,0,1,0,0,0,1,1,1,0,0,0,1
1976,0,1,0,0,0,0,1,0,0,0,0,0,0,0,0,0,0
3927,0,1,0,0,0,0,0,0,0,0,0,0,0,0,0,0,0
4575,0,1,1,0,0,0,1,0,0,0,1,1,0,0,0,0,0
5568,0,1,1,0,0,0,1,0,0,0,1,1,0,0,0,0,0
5340,0,1,1,0,0,0,1,0,0,0,1,1,0,0,0,0,0
3977,0,1,0,1,1,0,1,0,0,0,0,0,1,1,0,0,1
4192,0,1,1,0,0,0,1,0,0,0,1,1,0,0,0,0,0
4656,0,1,1,0,0,0,1,0,0,0,1,1,0,0,0,0,0
5492,0,1,1,0,0,0,1,0,0,0,1,1,0,0,0,0,0
3960,1,0,0,0,0,0,0,0,0,0,0,0,0,0,0,0,0
4249,0,1,1,0,0,0,1,0,0,0,1,1,0,0,0,0,0
5209,0,1,1,0,0,0,1,0,0,0,1,1,0,0,0,0,0
4626,0,1,1,0,0,0,1,0,0,0,1,1,0,0,0,0,0
5155,1,1,1,0,0,0,1,0,0,0,1,1,0,0,0,0,0
5275,1,0,0,0,0,0,0,0,0,0,0,0,0,0,0,0,0
4109,0,1,1,0,0,0,1,0,0,0,1,1,0,0,0,0,0
4961,0,0,0,0,0,0,1,0,0,0,0,0,0,0,0,0,0
4583,0,1,1,0,0,0,1,0,0,0,1,1,0,0,0,0,0
2661,0,1,0,0,0,0,1,0,0,0,0,0,0,0,0,0,0
5096,0,1,0,1,1,0,1,0,0,1,0,0,1,0,0,0,1
4473,1,0,0,0,0,0,0,0,0,0,0,0,0,0,0,0,0
3502,0,1,0,1,1,0,1,0,0,1,0,0,1,0,0,0,1
4636,0,1,1,0,0,0,1,0,0,0,1,1,0,0,0,0,0
5505,0,1,1,0,0,0,1,0,0,0,1,1,0,0,0,0,0
858,0,1,0,1,1,0,1,0,0,0,0,0,1,1,0,0,1
4288,1,0,0,0,0,0,0,0,0,0,0,0,0,0,0,0,0
3138,0,1,1,0,0,0,1,0,0,0,0,0,1,0,0,1,0
4480,0,1,1,0,0,0,1,0,0,0,1,1,0,0,0,0,0
4402,0,1,1,0,0,0,1,0,0,0,1,1,0,0,0,0,0
5103,0,1,0,1,1,0,1,0,0,1,0,0,1,0,0,0,1
5362,1,0,0,0,0,0,0,0,0,0,0,0,0,0,0,0,0
5499,0,1,1,0,0,0,1,0,0,0,1,1,0,0,0,0,0
2704,0,1,1,0,0,0,1,0,0,1,1,1,0,0,0,0,0
3817,0,1,0,0,0,0,1,0,0,0,0,0,0,0,0,0,0
5168,0,1,1,0,0,0,1,0,0,0,1,1,0,0,0,0,0
5150,0,1,1,0,0,0,1,0,0,0,1,1,0,0,0,0,0
4499,0,1,1,0,0,0,1,0,0,0,1,1,0,0,0,0,0
4405,0,1,1,0,0,0,1,0,0,0,1,1,0,0,0,0,0
4172,1,0,0,0,0,0,0,0,0,0,0,0,0,0,0,0,0
5457,0,1,1,0,0,0,1,0,0,1,1,1,0,0,0,0,0
3783,0,1,1,0,0,0,1,0,0,0,1,1,0,0,0,0,0
3678,0,1,1,0,0,0,1,0,0,0,1,1,0,0,0,0,0
5185,0,1,1,0,0,0,1,0,0,0,1,1,0,0,0,0,0
4681,1,0,0,0,0,0,0,0,0,0,0,0,0,0,0,0,0
3614,0,1,1,0,0,0,1,0,0,0,1,1,0,0,0,0,0
3781,0,1,0,0,0,0,1,0,0,0,0,0,0,0,0,0,0
5699,0,1,1,0,0,0,1,0,0,0,1,1,0,0,0,0,0
709,1,0,0,0,0,0,0,0,1,1,0,0,0,0,0,0,0
5027,0,1,1,0,0,0,1,0,0,0,1,1,0,0,0,0,0
3637,0,1,1,0,0,0,1,0,0,0,1,1,0,0,0,0,0
4003,0,1,0,1,1,0,1,0,0,1,0,0,1,0,0,0,1
745,0,1,1,0,0,0,1,0,0,0,0,0,1,0,0,1,1
5240,0,1,1,0,0,0,1,0,0,0,1,1,0,0,0,0,0
3725,0,1,1,0,0,0,1,0,0,0,1,1,0,0,0,0,0
4954,0,1,1,0,0,0,1,0,0,0,1,1,0,0,0,0,0
4446,1,0,0,0,0,0,0,0,0,0,0,0,0,0,0,0,0
5438,0,1,1,0,0,0,1,0,0,0,1,1,0,0,0,0,0
3976,0,1,1,0,0,0,1,0,0,0,1,1,0,0,0,0,0
5171,0,1,1,0,0,0,1,0,0,0,1,1,0,0,0,0,0
5043,1,0,0,0,0,0,0,0,0,0,0,0,0,0,0,0,0
3888,0,1,0,1,1,0,1,0,0,1,0,0,1,0,0,0,1
4546,0,1,1,0,0,0,1,0,0,0,1,1,0,0,0,0,0
5070,1,0,0,0,0,0,0,0,0,0,0,0,0,0,0,0,0
4130,0,1,1,0,0,0,1,0,0,0,1,1,1,0,0,0,1
5689,1,0,0,0,0,0,0,0,0,0,0,0,0,0,0,0,0
3603,1,0,0,0,0,0,0,0,0,0,0,0,0,0,0,0,0
4315,0,1,1,0,0,0,1,0,0,1,1,1,0,0,0,0,0
3878,0,1,1,0,1,0,1,0,0,0,1,1,0,0,0,0,1
4403,0,1,1,0,0,0,1,0,0,0,1,1,0,0,0,0,0
883,0,1,0,0,0,0,1,0,1,0,0,0,0,0,0,0,0
4945,1,0,0,0,0,0,0,0,0,0,0,0,0,0,0,0,0
5081,1,0,0,0,0,0,0,0,0,0,0,0,0,0,0,0,0
3775,0,1,1,0,0,0,0,0,0,0,0,0,0,0,0,0,0
4928,1,0,0,0,0,0,0,0,0,0,0,0,0,0,0,0,0
4570,0,1,1,0,0,0,1,0,0,0,1,1,0,0,0,0,0
5204,0,1,1,0,0,0,1,0,0,0,1,1,0,0,0,0,0
4143,0,1,1,0,0,0,1,0,0,0,1,1,0,0,0,0,0
4234,0,1,1,0,0,0,1,0,0,0,1,1,0,0,0,0,0
5222,0,1,1,0,0,0,1,0,0,0,1,1,0,0,0,0,0
4509,1,0,0,0,0,0,0,0,0,0,0,0,0,0,0,0,0
4253,1,0,0,0,0,0,0,0,0,0,0,0,0,0,0,0,0
4206,0,1,1,0,0,0,1,0,0,0,1,1,0,0,0,0,0
3630,1,0,0,0,0,0,1,0,0,0,0,0,0,0,0,0,0
4737,0,1,1,0,0,0,1,0,0,0,1,1,0,0,0,0,0
4729,0,0,0,0,0,0,1,0,0,0,0,0,0,0,0,0,0
4464,1,0,0,0,0,0,0,0,0,0,0,0,0,0,0,0,0
5440,0,1,1,0,0,0,1,0,0,0,1,1,0,0,0,0,0
1219,0,1,0,0,0,0,1,0,0,0,0,0,0,0,0,0,0
4269,0,1,1,0,0,0,1,0,0,0,1,1,0,0,0,0,0
4996,0,1,1,0,0,0,1,0,0,0,1,1,0,0,0,0,0
1419,1,1,1,0,0,0,1,0,0,1,0,0,1,0,0,1,0
4301,1,0,0,0,0,0,1,0,0,0,0,0,0,0,0,0,0
3858,0,1,1,0,0,0,1,0,0,0,1,1,0,0,0,0,1
4370,0,1,1,0,0,0,1,0,0,0,1,1,0,0,0,0,0
3572,0,1,1,0,0,0,1,0,0,0,1,1,0,0,0,0,0
4549,0,1,1,0,0,0,1,0,0,0,1,1,1,0,0,0,1
4994,1,0,0,0,0,0,0,0,0,0,0,0,0,0,0,0,0
3917,0,1,1,0,0,0,1,0,0,0,1,1,0,0,0,0,0
5182,0,1,1,0,0,0,1,0,0,0,1,1,0,0,0,0,0
4584,0,1,1,0,0,0,1,0,0,0,1,1,0,0,0,0,0
4187,1,0,0,0,0,0,0,0,0,0,0,0,0,0,0,0,0
4948,0,1,1,0,0,0,1,0,0,0,1,1,0,0,0,0,0
4193,1,0,0,0,0,0,0,0,0,0,0,0,0,0,0,0,0
5054,0,1,1,0,0,0,1,0,0,0,1,1,0,0,0,0,0
3632,1,0,0,0,0,0,0,0,0,0,0,0,0,0,0,0,0
2705,0,1,1,0,0,0,1,0,0,1,1,1,0,0,0,0,0
5123,0,1,0,1,1,0,1,0,0,1,0,0,1,0,0,0,1
3962,0,1,1,0,0,0,1,0,0,0,1,1,0,0,0,0,0
4424,0,1,1,0,0,0,1,0,0,0,1,1,0,0,0,0,0
4768,1,0,0,0,0,0,0,0,0,0,0,0,0,0,0,0,0
5529,0,1,1,0,0,0,1,0,0,0,1,1,0,0,0,0,0
3663,0,1,1,0,0,0,1,0,0,0,1,1,1,0,0,0,0
3653,0,1,1,0,0,0,1,0,0,0,1,1,0,0,0,0,0
4780,0,1,1,0,0,0,1,0,0,0,1,1,0,0,0,0,0
4593,0,1,1,0,0,0,1,0,0,0,1,1,0,0,0,0,0
5132,0,1,0,1,1,0,1,0,0,1,0,0,1,0,0,0,1
5464,0,1,1,0,0,0,1,0,0,0,1,1,0,0,0,0,0
4669,0,1,0,0,0,0,0,0,0,0,0,0,0,0,0,0,0
3807,0,1,0,0,0,0,1,0,0,0,0,0,0,0,0,0,0
4427,1,1,1,0,0,0,1,0,0,0,1,1,1,0,0,0,1
5156,0,1,1,0,0,0,1,0,0,0,1,1,0,0,0,0,0
4944,0,1,1,0,0,0,1,0,0,0,1,1,0,0,0,0,0
4404,0,1,1,0,0,0,1,0,0,0,1,1,0,0,0,0,0
5558,0,1,1,0,0,0,1,0,0,0,1,1,0,0,0,0,0
3661,1,0,0,0,0,0,1,0,0,0,0,0,0,0,0,0,0
4624,0,1,1,0,0,0,1,0,0,0,1,1,0,0,0,0,0
5460,0,1,1,0,0,0,1,0,0,0,1,1,0,0,0,0,0
4021,0,1,0,1,1,0,1,0,0,1,0,0,1,0,0,0,1
4520,0,1,1,0,0,0,1,0,0,0,1,1,0,0,0,0,0
4617,0,1,1,0,0,0,1,0,0,0,1,1,0,0,0,0,0
4765,1,0,0,0,0,0,0,0,0,0,0,0,0,0,0,0,0
5292,0,1,1,0,0,0,1,0,0,0,1,1,0,0,0,0,0
4341,0,1,1,0,0,0,1,0,0,0,1,1,0,0,0,0,0
5441,0,1,1,0,0,0,1,0,0,1,1,1,0,0,0,0,0
4922,1,0,0,0,0,0,0,0,0,0,0,0,0,0,0,0,0
4582,0,1,1,0,0,0,1,0,0,0,1,1,0,0,0,0,0
4903,0,1,1,0,0,0,1,0,0,0,1,1,0,0,0,0,0
5039,0,1,1,0,0,0,1,0,0,0,1,1,0,0,0,0,0
5231,0,1,1,0,0,0,1,0,0,0,1,1,0,0,0,0,0
5717,0,1,1,0,0,0,1,0,0,0,1,1,0,0,0,0,0
4661,0,1,1,0,0,0,1,0,0,0,1,1,0,0,0,0,1
4635,0,1,1,0,0,0,1,0,0,0,1,1,0,0,0,0,0
3484,0,1,1,0,0,0,1,0,0,1,1,1,0,0,0,0,0
4244,1,0,0,0,0,0,0,0,0,0,0,0,0,0,0,0,0
5256,0,1,1,0,0,0,1,0,0,0,1,1,0,0,0,0,0
5683,1,0,0,0,0,0,0,0,0,0,0,0,0,0,0,0,0
4568,0,1,1,0,0,0,1,0,0,0,1,1,0,0,0,0,0
4411,0,1,1,0,0,0,1,0,0,0,1,1,0,0,0,0,0
5252,0,1,1,0,0,0,1,0,0,0,1,1,0,0,0,0,1
4426,1,1,1,0,0,0,1,0,0,0,0,0,0,0,1,0,0
4543,0,1,1,0,0,0,1,0,0,0,1,1,0,0,0,0,0
5515,0,1,1,0,0,0,1,0,0,0,1,1,0,0,0,0,0
3642,1,0,0,0,0,0,0,0,0,0,0,0,0,0,0,0,0
4675,1,0,0,0,0,0,0,0,0,0,0,0,0,0,0,0,0
5443,0,1,0,1,1,0,1,0,0,1,0,0,1,0,0,0,1
5539,0,1,1,0,0,0,1,0,0,0,1,1,0,0,0,0,0
4439,0,1,1,0,0,0,1,0,0,0,1,1,0,0,0,0,0
5571,0,1,1,0,0,0,1,0,0,0,1,1,0,0,0,0,0
5546,1,1,1,0,0,0,1,0,0,0,1,1,0,0,0,0,0
4118,1,1,1,0,0,0,1,0,0,0,1,1,0,0,0,0,0
5356,1,0,0,0,0,0,0,0,0,0,0,0,0,0,0,0,0
5167,0,1,1,0,0,0,1,0,0,0,1,1,0,0,0,0,0
3548,1,1,1,0,0,0,1,0,0,1,1,1,0,0,0,0,0
4221,1,0,0,0,0,0,0,0,0,0,0,0,0,0,0,0,0
3863,0,1,1,0,0,0,1,0,0,0,1,1,0,0,0,0,0
4717,0,1,1,0,0,0,1,0,0,0,1,1,0,0,0,0,0
3622,1,0,0,0,0,0,0,0,0,0,0,0,0,0,0,0,0
4871,0,1,1,0,0,0,1,0,0,0,1,1,0,0,0,0,0
3936,1,0,0,0,0,0,0,0,0,0,0,0,0,0,0,0,0
3945,1,0,0,0,0,0,0,0,0,0,0,0,0,0,0,0,0
3694,1,0,0,0,0,0,0,0,0,0,0,0,0,0,0,0,0
4274,0,1,1,0,0,0,1,0,0,0,1,1,0,0,0,0,0
3498,0,1,0,1,1,0,1,0,0,1,0,0,1,0,0,0,1
5721,0,1,1,0,0,0,1,0,0,0,1,1,0,0,0,0,1
4095,0,1,1,0,0,0,1,0,0,0,1,1,0,0,0,0,0
3655,1,0,0,0,0,0,0,0,0,0,0,0,0,0,0,0,0
4610,0,1,1,0,0,0,1,0,0,0,1,1,0,0,0,0,0
5375,0,1,1,0,0,0,1,0,0,0,1,1,0,0,0,0,1
4620,0,1,1,0,0,0,1,0,0,0,1,1,0,0,0,0,0
4202,1,0,0,0,0,0,0,0,0,0,0,0,0,0,0,0,0
5674,1,0,0,0,0,0,0,0,0,0,0,0,0,0,0,0,0
1883,0,0,0,0,0,0,0,0,0,1,0,0,0,0,0,0,0
3507,0,1,0,1,1,0,1,0,0,1,0,0,1,0,0,0,1
4612,0,1,1,0,0,0,1,0,0,0,1,1,0,0,0,0,0
3519,0,1,0,1,1,0,1,0,0,1,0,0,1,0,0,0,1
4973,1,0,0,0,0,0,0,0,0,0,0,0,0,0,0,0,0
5495,0,1,1,0,0,0,1,0,0,0,1,1,0,0,0,0,0
5487,0,1,1,0,0,0,1,0,0,0,1,1,0,0,0,0,0
3835,0,1,1,0,0,0,1,0,0,0,1,1,0,0,0,0,0
5551,0,1,1,0,0,0,1,0,0,0,1,1,0,0,0,0,0
5147,0,1,1,0,0,0,1,0,0,1,1,1,0,0,0,0,0
4292,1,0,0,0,0,0,0,0,0,0,0,0,0,0,0,0,0
4927,0,1,1,0,0,0,1,0,0,0,1,1,0,0,0,0,0
4232,1,0,0,0,0,0,0,0,0,0,0,0,0,0,0,0,0
4215,1,0,0,0,0,0,0,0,0,0,0,0,0,0,0,0,0
4517,0,1,1,0,0,0,1,0,0,0,1,1,0,0,0,0,0
4330,0,1,1,0,0,0,1,0,0,0,1,1,0,0,0,0,0
4571,1,1,1,0,0,0,1,0,0,0,1,1,0,0,0,0,0
4591,0,1,1,0,0,0,1,0,0,0,1,1,0,0,0,0,0
4379,0,1,1,0,0,0,1,0,0,0,1,1,0,0,0,0,0
5245,0,1,1,0,0,0,1,0,0,0,1,1,0,0,0,0,0
3875,0,1,1,0,0,0,0,0,0,0,0,0,0,0,0,0,0
4055,0,1,1,0,0,0,1,0,0,0,1,1,0,0,0,0,0
4068,0,1,1,0,0,0,1,0,0,0,1,1,0,0,0,0,0
19493,1,0,0,0,0,0,1,0,0,1,0,0,1,0,0,0,0
4380,0,1,1,0,0,0,1,0,0,0,1,1,0,0,0,0,0
5468,0,1,1,0,0,0,1,0,0,0,1,1,0,0,0,0,0
5671,1,0,0,0,0,0,0,0,0,0,0,0,0,0,0,0,0
4125,0,1,1,0,0,0,1,0,0,0,1,1,0,0,0,0,0
3870,0,1,0,1,1,0,1,0,0,1,0,0,1,0,0,0,1
3741,0,1,1,0,0,0,1,0,0,0,1,1,0,0,0,0,0
4782,0,1,1,0,0,0,1,0,0,1,1,1,0,0,0,0,0
5416,0,1,1,0,0,0,1,0,0,0,1,1,0,0,0,0,0
5702,0,1,1,0,0,0,1,0,0,0,1,1,0,0,0,0,0
3746,0,1,1,1,1,0,1,0,0,0,1,1,1,0,0,1,1
4865,0,1,1,0,0,0,1,0,0,0,1,1,0,0,0,0,0
5628,0,1,1,0,0,0,1,0,0,0,1,1,0,0,0,0,0
4784,0,1,0,1,1,0,1,0,0,1,0,0,1,0,0,0,1
5538,0,1,1,0,0,0,1,0,0,0,1,1,0,0,0,0,0
4692,0,1,1,0,0,0,1,0,0,0,1,1,0,0,0,0,0
4066,0,1,1,0,0,0,1,0,0,0,1,1,0,0,0,0,0
4092,0,1,1,0,0,0,1,0,0,0,1,1,0,0,0,0,0
3750,0,1,0,1,1,0,1,0,0,1,0,0,1,0,0,0,1
5218,0,1,1,0,0,0,1,0,0,0,1,1,0,0,0,0,0
5195,0,1,1,0,0,0,1,0,0,0,1,1,0,0,0,0,0
4348,0,1,1,0,0,0,1,0,0,0,1,1,0,0,0,0,0
5232,0,1,1,0,0,0,1,0,0,0,1,1,0,0,0,0,0
4107,0,1,1,0,0,0,1,0,0,0,1,1,0,0,0,0,0
2699,0,1,1,0,0,0,1,0,0,1,1,1,0,0,0,0,1
5557,1,0,0,0,0,0,0,0,0,0,0,0,0,0,0,0,0
4376,0,1,1,0,0,0,1,0,0,0,1,1,0,0,0,0,0
3980,0,1,0,0,0,0,0,0,0,0,0,0,0,0,0,1,0
4378,0,1,1,0,0,0,1,0,0,0,1,1,0,0,0,0,0
3686,0,1,1,0,0,0,1,0,0,0,1,1,0,0,0,0,0
5108,0,1,0,1,1,0,1,0,0,1,0,0,1,0,0,0,1
3729,1,1,0,0,0,0,1,0,0,0,0,0,0,0,0,0,0
5094,0,1,0,1,1,0,1,0,0,1,0,0,1,0,0,0,1
4063,0,1,1,0,0,0,1,0,0,0,1,1,0,0,0,0,0
4743,0,1,1,0,0,0,1,0,0,0,1,1,0,0,0,0,0
5544,0,1,1,0,0,0,1,0,0,0,1,1,0,0,0,0,0
5176,0,1,1,0,0,0,1,0,0,0,1,1,0,0,0,0,0
5472,0,1,1,0,0,0,1,0,0,0,1,1,0,0,0,0,0
5428,0,1,1,0,0,0,1,0,0,0,1,1,0,0,0,0,0
3499,0,1,0,1,1,0,1,0,0,1,0,0,1,0,0,0,1
4051,0,1,1,0,0,0,1,0,0,0,1,1,0,0,0,0,0
4335,1,1,1,0,0,0,1,0,0,0,1,1,0,0,0,0,0
4024,1,1,1,1,1,1,1,0,0,1,1,1,1,1,0,1,1
5371,0,1,1,0,0,0,1,0,0,0,1,1,0,0,0,0,0
5580,0,1,1,0,0,0,1,0,0,0,1,1,0,0,0,0,0
4373,0,1,1,0,0,0,1,0,0,0,1,1,0,0,0,0,0
4603,0,1,1,0,0,0,1,0,0,0,1,1,0,0,0,0,0
4054,0,1,1,0,0,0,1,0,0,0,1,1,0,0,0,0,0
4641,0,1,1,0,0,0,1,0,0,0,1,1,0,0,0,0,0
4299,1,0,0,0,0,0,0,0,0,0,0,0,0,0,0,0,0
5377,1,1,1,0,0,0,1,0,0,0,1,1,0,0,0,0,0
4550,0,1,1,0,0,0,1,0,0,0,1,1,0,0,0,0,0
4223,0,0,0,0,0,0,1,0,0,0,0,0,0,0,0,0,0
3664,0,1,1,0,0,0,1,0,0,0,1,1,0,0,0,0,0
4049,0,1,1,0,0,0,1,0,0,0,1,1,0,0,0,0,0
4393,0,1,1,0,0,0,1,0,0,0,1,1,0,0,0,0,0
4812,0,1,1,0,0,0,1,0,0,0,1,1,0,0,0,0,0
5320,0,0,0,0,0,0,1,0,0,0,0,0,0,0,0,0,0
3550,0,0,0,0,0,0,1,0,0,0,0,0,0,0,0,0,0
5078,0,1,1,0,0,0,1,0,0,0,1,1,0,0,0,0,0
4088,0,1,1,0,0,0,1,0,0,0,1,1,0,0,0,0,0
4710,0,1,1,0,0,0,1,0,0,0,1,1,0,0,0,0,0
3512,0,1,0,1,1,0,1,0,0,1,0,0,1,0,0,0,1
3585,1,0,0,0,0,0,0,0,0,0,0,0,0,0,0,0,0
5433,0,1,1,0,0,0,1,0,0,0,1,1,0,0,0,0,0
5055,1,0,0,0,0,0,0,0,0,0,0,0,0,0,0,0,0
5463,0,1,1,0,0,0,1,0,0,0,1,1,0,0,0,0,0
5519,0,1,1,0,0,0,1,0,0,0,1,1,0,0,0,0,0
5635,0,1,1,0,0,0,1,0,0,0,1,1,0,0,0,0,0
4924,0,1,1,0,0,0,1,0,0,0,1,1,0,0,0,0,0
4951,1,1,1,0,0,0,1,0,0,0,1,1,0,0,0,0,0
5706,1,0,0,0,0,0,0,0,0,0,0,0,0,0,0,0,0
5665,1,0,0,0,0,0,0,0,0,0,0,0,0,0,0,0,0
4485,0,1,1,0,0,0,1,0,0,0,1,1,0,0,0,0,0
5718,0,1,1,0,0,0,1,0,0,0,1,1,0,0,0,0,0
3995,0,1,0,1,1,0,1,0,0,1,0,0,1,0,0,0,1
3617,1,0,0,0,0,0,0,0,0,0,0,0,0,0,0,0,0
4324,0,1,1,0,0,0,1,0,0,1,1,1,0,0,0,0,0
4987,0,1,1,0,0,0,1,0,0,0,1,1,0,0,0,0,0
3861,0,1,1,0,0,0,1,0,0,0,1,1,0,0,0,0,1
4153,1,1,1,0,0,0,1,0,0,0,1,1,1,0,0,0,1
2772,0,1,1,0,0,0,0,0,0,0,0,0,1,0,0,0,0
5170,0,1,1,0,0,0,1,0,0,0,1,1,0,0,0,0,0
3704,1,1,1,0,0,0,1,0,0,0,0,0,0,0,0,1,0
2696,0,0,0,0,0,0,0,0,0,1,0,0,0,0,0,0,0
4916,1,0,0,0,0,0,0,0,0,0,0,0,0,0,0,0,0
4749,0,1,1,0,0,0,1,0,0,0,1,1,0,0,0,0,0
4930,0,1,1,0,0,0,1,0,0,0,1,1,0,0,0,0,0
4696,1,0,0,0,0,0,0,0,0,0,0,0,0,0,0,0,0
3847,1,1,0,1,1,1,1,0,0,0,0,1,0,0,0,0,1
4293,1,0,0,0,0,0,1,0,0,0,0,0,0,0,0,0,0
5208,0,1,1,0,0,0,1,0,0,0,1,1,0,0,0,0,0
3813,0,1,1,0,1,0,1,0,0,0,1,1,0,0,0,0,1
5003,1,0,0,0,0,0,0,0,0,0,0,0,0,0,0,0,0
5572,0,1,1,0,0,0,1,0,0,0,1,1,0,0,0,0,0
4856,0,1,1,0,0,0,1,0,0,0,1,1,0,0,0,0,0
3809,0,1,0,0,0,0,1,0,0,0,0,0,0,0,0,1,0
4756,1,0,0,0,0,0,0,0,0,0,0,0,0,0,0,0,0
5512,0,1,1,0,0,0,1,0,0,0,1,1,0,0,0,0,0
3581,0,1,1,0,0,0,1,0,0,0,1,1,0,0,0,0,0
3887,0,1,1,0,0,0,1,0,0,0,1,1,1,0,0,0,0
5497,0,1,1,0,0,0,1,0,0,0,1,1,0,0,0,0,0
5278,1,0,0,0,0,0,0,0,0,0,0,0,0,0,0,0,0
2687,0,1,1,0,0,0,1,0,0,1,1,1,0,0,0,0,0
4870,0,1,1,0,0,0,1,0,0,0,1,1,0,0,0,0,0
4135,1,0,0,0,0,0,0,0,0,0,0,0,0,0,0,0,0
4432,1,0,0,0,0,0,0,0,0,0,0,0,0,0,0,0,0
3994,0,1,0,1,1,0,1,0,0,1,0,0,1,0,0,0,1
5233,0,1,1,0,0,0,1,0,0,0,1,1,0,0,0,0,0
3892,0,1,0,1,1,0,1,0,0,1,0,0,1,0,0,0,1
3676,0,1,0,1,1,0,1,0,0,1,0,0,1,0,0,0,1
4268,0,1,1,0,0,0,1,0,0,0,1,1,0,0,0,0,0
3749,0,1,1,0,0,0,1,0,0,0,1,1,0,0,0,0,0
5040,1,0,0,0,0,0,0,0,0,0,0,0,0,0,0,0,0
4538,0,1,1,0,0,0,1,0,0,0,1,1,0,0,0,0,0
3826,0,1,1,0,0,0,1,0,0,0,1,1,0,0,0,1,1
3528,0,1,0,1,1,0,1,0,0,1,0,0,1,0,0,0,1
5020,1,1,1,0,0,0,1,0,0,0,1,1,1,0,0,1,1
4372,0,1,1,0,0,0,1,0,0,0,1,1,0,0,0,0,0
3647,0,1,1,0,0,0,1,0,0,0,1,1,0,0,0,0,0
3719,0,1,0,1,1,0,1,0,0,0,0,0,1,1,0,0,1
2700,1,0,0,0,0,0,0,0,0,1,0,0,0,0,0,0,0
4565,0,1,1,0,0,0,1,0,0,0,1,1,0,0,0,0,0
4645,0,1,1,0,0,0,1,0,0,0,1,1,0,0,0,0,0
5338,1,0,0,0,0,0,0,0,0,0,0,0,0,0,0,0,0
4097,0,1,1,0,0,0,1,0,0,0,1,1,0,0,0,0,0
5589,0,1,1,0,0,0,1,0,0,0,1,1,0,0,0,0,0
4794,0,1,1,0,0,0,1,0,0,0,1,1,0,0,0,0,0
3846,0,1,1,0,0,0,0,0,0,0,0,0,0,0,0,0,0
5301,0,1,1,0,0,0,1,0,0,0,1,1,0,0,0,0,0
5393,1,0,0,0,0,0,0,0,0,0,0,0,0,0,0,0,0
4425,0,1,1,0,0,0,1,0,0,0,1,1,0,0,0,0,0
4144,1,0,0,0,0,0,0,0,0,0,0,0,0,0,0,0,0
4895,0,1,1,0,0,0,1,0,0,0,1,1,0,0,0,0,0
3649,0,1,1,0,0,0,1,0,0,0,1,1,0,0,0,0,0
5237,1,1,1,0,0,0,1,0,0,0,1,1,0,0,0,0,0
4640,0,1,1,0,0,0,1,0,0,0,1,1,0,0,0,0,0
3929,0,1,1,0,0,0,1,0,0,0,1,1,0,0,0,0,0
3973,0,1,1,0,0,0,1,0,0,0,1,1,0,0,0,0,0
5434,1,0,0,0,0,0,0,0,0,0,0,0,0,0,0,0,0
4596,0,1,1,0,0,0,1,0,0,0,1,1,0,0,0,0,0
5585,0,1,1,0,0,0,1,0,0,0,1,1,0,0,0,0,1
4832,0,1,1,0,0,0,1,0,0,0,1,1,0,0,0,0,0
4842,0,1,1,0,0,0,1,0,0,0,1,1,0,0,0,0,0
5000,1,0,0,0,0,0,0,0,0,0,0,0,0,0,0,0,0
4919,1,0,0,0,0,0,0,0,0,0,0,0,0,0,0,0,0
4611,0,1,1,0,0,0,1,0,0,0,1,1,0,0,0,0,0
5467,0,1,1,0,0,0,1,0,0,0,1,1,0,0,0,0,0
5461,0,1,1,0,0,0,1,0,0,0,1,1,0,0,0,0,0
4490,0,1,1,0,0,0,1,0,0,0,1,1,0,0,0,0,0
4279,1,0,0,0,0,0,0,0,0,0,0,0,0,0,0,0,0
5296,1,0,0,0,0,0,0,0,0,0,0,0,0,0,0,0,0
5520,0,1,1,0,0,0,1,0,0,0,1,1,0,0,0,0,0
974,1,1,0,0,0,0,1,0,0,1,0,0,0,0,0,1,0
4836,0,1,1,0,0,0,1,0,0,0,1,1,0,0,0,0,0
5277,0,1,1,0,0,0,1,0,0,0,1,1,0,0,0,0,0
3989,0,1,0,1,1,0,1,0,0,1,0,0,1,0,0,0,1
5658,0,1,1,0,0,0,1,0,0,0,1,1,0,0,0,0,0
5073,1,0,0,0,0,0,0,0,0,0,0,0,0,0,0,0,0
4982,1,0,0,0,0,0,0,0,0,0,0,0,0,0,0,0,0
4701,0,1,1,0,0,0,1,0,0,0,1,1,0,0,0,0,0
4213,1,1,1,0,0,0,1,0,0,0,1,1,0,0,0,0,0
5235,1,1,1,0,0,0,1,0,0,0,1,1,0,0,0,0,0
4562,0,1,1,0,0,0,1,0,0,0,1,1,0,0,0,0,0
4026,0,1,0,1,1,0,1,0,0,1,0,0,1,0,0,0,1
5219,0,1,1,0,0,0,1,0,0,0,1,1,0,0,0,0,0
4823,0,1,1,0,0,0,1,0,0,0,1,1,0,0,0,0,0
4310,0,1,1,0,0,0,1,0,0,0,1,1,1,0,0,0,0
4882,0,1,1,0,0,0,1,0,0,0,1,1,0,0,0,0,0
4615,0,1,1,0,0,0,1,0,0,0,1,1,0,0,0,0,0
5382,0,1,1,0,0,0,1,0,0,0,1,1,0,0,0,0,0
3784,0,1,1,0,0,0,1,0,0,0,1,1,0,0,0,0,0
3905,0,1,1,0,0,0,1,0,0,0,1,1,0,0,0,0,0
5106,0,1,1,0,0,0,1,0,0,0,1,1,0,0,0,0,0
5620,1,0,0,0,0,0,0,0,0,0,0,0,0,0,0,0,0
4900,0,1,1,0,0,0,1,0,0,0,1,1,0,0,0,0,0
5668,1,0,0,0,0,0,0,0,0,0,0,0,0,0,0,0,0
4001,0,1,0,1,1,0,1,0,0,1,0,0,1,0,0,0,1
4985,1,0,0,0,0,0,0,0,0,0,0,0,0,0,0,0,0
3497,0,1,0,1,1,0,1,0,0,1,0,0,1,0,0,0,1
5303,0,1,1,0,0,0,1,0,0,0,1,1,0,0,0,0,0
4296,1,0,0,0,0,0,0,0,0,0,0,0,0,0,0,0,0
4909,0,1,1,0,0,0,1,0,0,0,1,1,0,0,0,0,0
4788,0,1,1,0,0,0,1,0,0,1,1,1,0,0,0,0,0
4666,0,0,0,0,0,0,1,0,0,0,0,0,0,0,0,0,0
4141,0,1,1,0,0,0,1,0,0,0,1,1,0,0,0,0,0
5191,0,1,1,0,0,0,1,0,0,0,1,1,0,0,0,0,0
4344,0,1,1,0,0,0,1,0,0,0,1,1,0,0,0,0,0
4275,1,0,0,0,0,0,0,0,0,0,0,0,0,0,0,0,0
4605,0,1,1,0,0,0,1,0,0,0,1,1,0,0,0,0,0
3619,0,1,1,0,0,0,1,0,0,0,1,1,0,0,0,0,0
4356,0,1,1,0,0,0,1,0,0,0,1,1,0,0,0,0,0
4184,1,0,0,0,0,0,0,0,0,0,0,0,0,0,0,0,0
4581,0,1,1,0,0,0,1,0,0,0,1,1,0,0,0,0,0
4046,0,1,1,0,0,0,1,0,0,0,1,1,0,0,0,0,0
5724,0,1,1,0,0,0,1,0,0,0,1,1,0,0,0,0,0
5102,0,1,0,1,1,0,1,0,0,1,0,0,1,0,0,0,1
5491,0,1,1,0,0,0,1,0,0,0,1,1,0,0,0,0,0
4029,0,1,1,0,0,0,1,0,0,1,1,1,0,0,0,0,0
2701,1,0,0,0,0,0,0,0,0,1,0,0,0,0,0,0,0
4108,0,1,1,0,0,0,1,0,0,0,1,1,0,0,0,0,0
4639,0,1,1,0,0,0,1,0,0,0,1,1,0,0,0,0,0
3754,0,0,0,0,0,0,0,0,0,1,0,0,0,0,0,0,0
4672,1,0,0,0,0,0,0,0,0,0,0,0,0,0,0,0,0
2703,0,0,0,0,0,0,0,0,0,1,0,0,0,0,0,0,0
4343,0,1,1,0,0,0,1,0,0,0,1,1,0,0,0,0,0
3896,0,1,0,1,1,0,1,0,0,1,0,0,1,0,0,0,1
3756,0,1,0,0,0,0,1,0,0,0,0,0,0,0,0,0,0
5448,0,1,0,1,1,0,1,0,0,1,0,0,1,0,0,0,1
5138,0,1,0,1,1,0,1,0,0,1,0,0,1,0,0,0,1
3493,0,1,0,1,1,0,1,0,0,1,0,0,1,0,0,0,1
4868,0,1,1,0,0,0,1,0,0,0,1,1,0,0,0,0,0
4863,0,1,1,0,0,0,1,0,0,0,1,1,0,0,0,0,0
3866,0,1,1,0,0,0,1,0,0,0,1,1,0,0,0,0,0
5402,1,0,0,0,0,0,0,0,0,0,0,0,0,0,0,0,0
5607,0,1,1,0,0,0,1,0,0,0,1,1,0,0,0,0,0
4320,1,1,1,1,1,1,1,0,0,1,1,1,1,1,0,1,1
5211,0,1,1,0,0,0,1,0,0,0,1,1,0,0,0,0,0
4826,0,1,1,0,0,0,1,0,0,0,1,1,0,0,0,0,0
4040,0,1,1,0,0,0,1,0,0,0,1,1,0,0,0,0,0
5206,0,1,1,0,0,0,1,0,0,0,1,1,0,0,0,0,0
4551,0,1,1,0,0,0,1,0,0,1,1,1,0,0,0,0,0
5639,0,1,1,0,0,0,1,0,0,0,1,1,0,0,0,0,0
5462,1,1,1,0,0,0,1,0,0,0,1,1,0,0,0,0,0
4059,0,1,1,0,0,0,1,0,0,0,1,1,0,0,0,0,0
3833,0,1,1,0,0,0,1,0,0,0,1,1,0,0,0,0,0
4261,0,1,1,0,0,0,1,0,0,0,1,1,0,0,0,0,0
4547,0,1,1,0,0,0,1,0,0,0,1,1,0,0,0,0,0
3739,0,1,1,0,0,0,1,0,0,0,1,1,0,0,0,0,0
4022,0,1,0,1,1,0,1,0,0,1,0,0,1,0,0,0,1
772,0,1,1,0,0,0,0,0,1,0,0,0,1,0,0,1,0
5601,0,1,1,0,0,0,1,0,0,0,1,1,0,0,0,0,0
4969,0,1,1,0,0,0,1,0,0,0,1,1,0,0,0,0,0
5141,0,1,0,1,1,0,1,0,0,1,0,0,1,0,0,0,1
4337,1,1,1,0,0,0,1,0,0,0,1,1,0,0,0,0,0
4010,0,1,0,1,1,0,1,0,0,1,0,0,1,0,0,0,1
4177,0,1,1,0,0,0,1,0,0,0,1,1,0,0,0,0,0
3844,1,1,1,0,1,0,1,0,0,0,1,1,0,0,0,1,1
4521,1,0,0,0,0,0,0,0,0,0,0,0,0,0,0,0,0
4074,0,1,1,0,0,0,1,0,0,0,1,1,0,0,0,0,0
4778,0,1,1,0,0,0,1,0,0,0,1,1,0,0,0,0,0
4880,0,1,1,0,0,0,1,0,0,0,1,1,0,0,0,0,0
4390,0,1,1,0,0,0,1,0,0,0,1,1,0,0,0,0,0
4599,0,1,1,0,0,0,1,0,0,0,1,1,0,0,0,0,0
4134,0,1,1,0,0,0,1,0,0,0,1,1,0,0,0,0,0
4750,1,0,0,0,0,0,0,0,0,0,0,0,0,0,0,0,0
3998,0,1,0,1,1,0,1,0,0,1,0,0,1,0,0,0,1
4789,0,1,1,0,0,0,1,0,0,1,1,1,0,0,0,0,0
4541,0,1,1,0,0,0,1,0,0,0,1,1,0,0,0,0,0
4006,0,1,0,1,1,0,1,0,0,1,0,0,1,0,0,0,1
3901,0,1,0,1,1,0,1,0,0,1,0,0,1,0,0,0,1
5384,0,1,1,0,0,0,1,0,0,0,1,1,0,0,0,0,0
4228,0,1,1,0,0,0,1,0,0,0,1,1,0,0,0,0,0
4566,0,1,1,0,0,0,1,0,0,0,1,1,0,0,0,0,0
4872,0,1,1,0,0,0,1,0,0,0,1,1,0,0,0,0,0
4539,1,0,0,0,0,0,0,0,0,0,0,0,0,0,0,0,0
5007,0,1,1,0,0,0,1,0,0,0,1,1,0,0,0,0,0
4183,0,1,1,0,0,0,1,0,0,0,1,1,0,0,0,0,0
4250,1,0,0,0,0,0,0,0,0,0,0,0,0,0,0,0,0
4155,0,1,1,0,0,0,1,0,0,0,1,1,0,0,0,0,1
3659,1,0,0,0,0,0,0,0,0,0,0,0,0,0,0,0,0
5408,1,0,0,0,0,0,0,0,0,0,0,0,0,0,0,0,0
3723,0,1,0,1,1,0,1,0,0,1,0,0,1,0,0,0,1
5508,0,1,1,0,0,0,1,0,0,0,1,1,0,0,0,0,0
3669,0,1,1,0,0,0,1,0,0,0,1,1,0,0,0,0,0
4084,0,1,1,0,0,0,1,0,0,0,1,1,0,0,0,0,0
4564,1,1,1,0,0,0,1,0,0,0,1,1,0,0,0,0,0
4727,1,0,0,0,0,0,0,0,0,0,0,0,0,0,0,0,0
5299,1,0,0,0,0,0,0,0,0,0,0,0,0,0,0,0,0
4105,0,1,1,0,0,0,1,0,0,0,1,1,0,0,0,0,0
5188,0,1,1,0,0,0,1,0,0,0,1,1,0,0,0,0,0
4175,1,0,0,0,0,0,0,0,0,0,0,0,0,0,0,0,0
5295,0,1,1,0,0,0,1,0,0,0,1,1,0,0,0,0,0
5125,0,1,0,1,1,0,1,0,0,1,0,0,1,0,0,0,1
3752,0,1,1,1,1,0,1,0,0,0,1,1,1,0,0,1,1
4759,1,0,0,0,0,0,0,0,0,0,0,0,0,0,0,0,0
5184,0,1,1,0,0,0,1,0,0,0,1,1,0,0,0,0,0
3513,0,1,0,1,1,0,1,0,0,1,0,0,1,0,0,0,1
3633,1,0,0,0,0,0,1,0,0,0,0,0,0,0,0,0,0
5653,0,0,0,0,0,0,1,0,0,0,0,0,0,0,0,0,0
4258,0,1,1,0,0,0,1,0,0,0,1,1,0,0,0,0,0
3474,0,0,0,0,0,0,0,0,0,1,0,0,0,0,0,0,0
4835,0,1,1,0,0,0,1,0,0,0,1,1,0,0,0,0,0
4918,0,1,1,0,0,0,1,0,0,0,1,1,0,0,0,0,0
4837,0,1,1,0,0,0,1,0,0,0,1,1,0,0,0,0,0
5651,1,0,0,0,0,0,0,0,0,0,0,0,0,0,0,0,0
4853,0,1,1,0,0,0,1,0,0,0,1,1,0,0,0,0,0
4422,0,1,1,0,0,0,1,0,0,0,1,1,0,0,0,0,0
3776,1,1,0,0,0,0,1,0,0,0,0,0,0,0,0,0,0
3786,0,1,1,0,0,0,1,0,0,0,1,1,0,0,0,0,0
4189,0,1,1,0,0,0,1,0,0,0,1,1,0,0,0,0,0
4502,0,1,1,0,0,0,1,0,0,0,1,1,0,0,0,0,0
19607,0,1,1,0,0,0,1,0,0,1,1,1,0,0,0,0,1
4779,0,1,1,0,0,0,1,0,0,0,1,1,0,0,0,0,0
3874,0,1,1,0,0,0,1,0,0,0,1,1,0,0,0,0,0
4027,0,1,1,0,0,0,1,0,0,1,1,1,0,0,0,0,0
4025,0,0,0,0,0,0,0,0,0,0,0,0,0,0,1,0,0
4943,0,1,1,0,0,0,1,0,0,0,1,1,0,0,0,0,0
3751,0,1,1,0,0,0,1,0,0,0,1,1,0,0,0,0,0
4463,0,1,1,0,0,0,1,0,0,0,1,1,0,0,0,0,0
4893,0,1,1,0,0,0,1,0,0,0,1,1,0,0,0,0,1
4813,0,1,1,0,0,0,1,0,0,0,1,1,0,0,0,0,0
4587,0,1,1,0,0,0,1,0,0,0,1,1,0,0,0,0,0
5392,0,1,1,0,0,0,1,0,0,0,1,1,0,0,0,0,0
5536,0,1,1,0,0,0,1,0,0,0,1,1,0,0,0,0,0
5458,0,1,1,0,0,0,1,0,0,1,1,1,0,0,0,0,0
4978,0,1,1,0,0,0,1,0,0,0,1,1,0,0,0,0,0
3969,0,1,1,0,0,0,1,0,0,0,1,1,0,0,0,0,0
5113,0,1,0,1,1,0,1,0,0,1,0,0,1,0,0,0,1
4478,0,1,1,0,0,0,1,0,0,0,1,1,0,0,0,0,0
4081,0,1,1,0,0,0,1,0,0,0,1,1,0,0,0,0,0
4838,0,1,1,0,0,0,1,0,0,0,1,1,0,0,0,0,0
4804,0,1,1,0,0,0,1,0,0,0,1,1,0,0,0,0,0
4104,0,1,1,0,0,0,1,0,0,0,1,1,0,0,0,0,0