uuid,fileDescriptor,ipProtocol,localAddress,localPort,properties,remoteAddress,remotePort
00000000-0000-0000-0000-000005f5e100,,,,-1,,101.118.47.108,12132
00000000-0000-0000-0000-000005f5e101,,,,-1,,97.114.47.114,12150
00000000-0000-0000-0000-000005f5e102,,,,-1,,127.0.0.1,53
00000000-0000-0000-0000-000005f5e103,,,,-1,,0.0.0.0,0
00000000-0000-0000-0000-000005f5e104,,,,-1,,128.55.12.252,48084
00000000-0000-0000-0000-000005f5e105,,,,-1,,NA,1
00000000-0000-0000-0000-000005f5e106,,,,-1,,NA,0
00000000-0000-0000-0000-000005f5e107,,,,-1,,116.109.112.47,47
00000000-0000-0000-0000-000005f5e108,,,,-1,,0.0.0.0,46083
00000000-0000-0000-0000-000005f5e109,,,,-1,,109.112.47.46,12148
00000000-0000-0000-0000-000005f5e10a,,,,-1,,128.55.12.57,3389
00000000-0000-0000-0000-000005f5e10b,,,,-1,,245.191.0.0,108
00000000-0000-0000-0000-000005f5e10c,,,,-1,,0.0.0.0,16
00000000-0000-0000-0000-000005f5e10d,,,,-1,,255.255.0.0,65535
00000000-0000-0000-0000-000005f5e10e,,,,-1,,103.183.0.0,30932
00000000-0000-0000-0000-000005f5e10f,,,,-1,,158.247.158.247,40695
00000000-0000-0000-0000-000005f5e110,,,,-1,,200.200.200.205,80
00000000-0000-0000-0000-000005f5e111,,,,-1,,128.55.12.252,48398
00000000-0000-0000-0000-000005f5e112,,,,-1,,64.233.169.103,443
00000000-0000-0000-0000-000005f5e113,,,,-1,,30.8.160.15,40975
00000000-0000-0000-0000-000005f5e114,,,,-1,,30.8.255.255,65535
00000000-0000-0000-0000-000005f5e115,,,,-1,,64.233.169.103,80
00000000-0000-0000-0000-000005f5e116,,,,-1,,39.8.0.0,41030
00000000-0000-0000-0000-000005f5e117,,,,-1,,111.109.101.47,12136
00000000-0000-0000-0000-000005f5e118,,,,-1,,207.25.80.123,80
00000000-0000-0000-0000-000005f5e119,,,,-1,,0.0.0.0,22530
00000000-0000-0000-0000-000005f5e11a,,,,-1,,198.57.198.57,50745
00000000-0000-0000-0000-000005f5e11b,,,,-1,,216.66.26.25,80
00000000-0000-0000-0000-000005f5e11c,,,,-1,,216.66.26.27,80
00000000-0000-0000-0000-000005f5e11d,,,,-1,,216.66.26.59,80
00000000-0000-0000-0000-000005f5e11e,,,,-1,,216.66.26.41,80
00000000-0000-0000-0000-000005f5e11f,,,,-1,,216.73.86.152,80
00000000-0000-0000-0000-000005f5e120,,,,-1,,216.66.26.65,80
00000000-0000-0000-0000-000005f5e121,,,,-1,,205.217.32.211,80
00000000-0000-0000-0000-000005f5e122,,,,-1,,213.248.112.117,80
00000000-0000-0000-0000-000005f5e123,,,,-1,,206.16.21.35,80
00000000-0000-0000-0000-000005f5e124,,,,-1,,209.50.189.200,80
00000000-0000-0000-0000-000005f5e125,,,,-1,,103.183.160.15,30932
00000000-0000-0000-0000-000005f5e126,,,,-1,,128.55.12.57,25
00000000-0000-0000-0000-000005f5e127,,,,-1,,128.55.12.57,1720
00000000-0000-0000-0000-000005f5e128,,,,-1,,128.55.12.57,22
00000000-0000-0000-0000-000005f5e129,,,,-1,,128.55.12.57,1723
00000000-0000-0000-0000-000005f5e12a,,,,-1,,128.55.12.57,113
00000000-0000-0000-0000-000005f5e12b,,,,-1,,128.55.12.57,111
00000000-0000-0000-0000-000005f5e12c,,,,-1,,128.55.12.57,8080
00000000-0000-0000-0000-000005f5e12d,,,,-1,,128.55.12.57,5900
00000000-0000-0000-0000-000005f5e12e,,,,-1,,128.55.12.57,587
00000000-0000-0000-0000-000005f5e12f,,,,-1,,128.55.12.57,554
00000000-0000-0000-0000-000005f5e130,,,,-1,,128.55.12.57,21
00000000-0000-0000-0000-000005f5e131,,,,-1,,128.55.12.57,8888
00000000-0000-0000-0000-000005f5e132,,,,-1,,128.55.12.57,135
00000000-0000-0000-0000-000005f5e133,,,,-1,,128.55.12.57,23
00000000-0000-0000-0000-000005f5e134,,,,-1,,128.55.12.57,139
00000000-0000-0000-0000-000005f5e135,,,,-1,,128.55.12.57,199
00000000-0000-0000-0000-000005f5e136,,,,-1,,128.55.12.57,443
00000000-0000-0000-0000-000005f5e137,,,,-1,,128.55.12.57,256
00000000-0000-0000-0000-000005f5e138,,,,-1,,128.55.12.57,53
00000000-0000-0000-0000-000005f5e139,,,,-1,,128.55.12.57,110
00000000-0000-0000-0000-000005f5e13a,,,,-1,,128.55.12.57,995
00000000-0000-0000-0000-000005f5e13b,,,,-1,,128.55.12.57,143
00000000-0000-0000-0000-000005f5e13c,,,,-1,,128.55.12.57,993
00000000-0000-0000-0000-000005f5e13d,,,,-1,,128.55.12.57,1025
00000000-0000-0000-0000-000005f5e13e,,,,-1,,128.55.12.57,3306
00000000-0000-0000-0000-000005f5e13f,,,,-1,,128.55.12.57,80
00000000-0000-0000-0000-000005f5e140,,,,-1,,128.55.12.57,445
00000000-0000-0000-0000-000005f5e141,,,,-1,,128.55.12.57,8085
00000000-0000-0000-0000-000005f5e142,,,,-1,,128.55.12.57,6003
00000000-0000-0000-0000-000005f5e143,,,,-1,,128.55.12.57,711
00000000-0000-0000-0000-000005f5e144,,,,-1,,128.55.12.57,1455
00000000-0000-0000-0000-000005f5e145,,,,-1,,128.55.12.57,280
00000000-0000-0000-0000-000005f5e146,,,,-1,,128.55.12.57,5560
00000000-0000-0000-0000-000005f5e147,,,,-1,,128.55.12.57,3871
00000000-0000-0000-0000-000005f5e148,,,,-1,,128.55.12.57,32
00000000-0000-0000-0000-000005f5e149,,,,-1,,128.55.12.57,27356
00000000-0000-0000-0000-000005f5e14a,,,,-1,,128.55.12.57,5915
00000000-0000-0000-0000-000005f5e14b,,,,-1,,128.55.12.57,10243
00000000-0000-0000-0000-000005f5e14c,,,,-1,,128.55.12.57,2968
00000000-0000-0000-0000-000005f5e14d,,,,-1,,128.55.12.57,4003
00000000-0000-0000-0000-000005f5e14e,,,,-1,,128.55.12.57,7443
00000000-0000-0000-0000-000005f5e14f,,,,-1,,128.55.12.57,19801
00000000-0000-0000-0000-000005f5e150,,,,-1,,128.55.12.57,1149
00000000-0000-0000-0000-000005f5e151,,,,-1,,128.55.12.57,2800
00000000-0000-0000-0000-000005f5e152,,,,-1,,128.55.12.57,9666
00000000-0000-0000-0000-000005f5e153,,,,-1,,128.55.12.57,5101
00000000-0000-0000-0000-000005f5e154,,,,-1,,128.55.12.57,2301
00000000-0000-0000-0000-000005f5e155,,,,-1,,128.55.12.57,5080
00000000-0000-0000-0000-000005f5e156,,,,-1,,128.55.12.57,2022
00000000-0000-0000-0000-000005f5e157,,,,-1,,128.55.12.57,1166
00000000-0000-0000-0000-000005f5e158,,,,-1,,128.55.12.57,48080
00000000-0000-0000-0000-000005f5e159,,,,-1,,128.55.12.57,1199
00000000-0000-0000-0000-000005f5e15a,,,,-1,,128.55.12.57,2710
00000000-0000-0000-0000-000005f5e15b,,,,-1,,128.55.12.57,9
00000000-0000-0000-0000-000005f5e15c,,,,-1,,128.55.12.57,16000
00000000-0000-0000-0000-000005f5e15d,,,,-1,,128.55.12.57,9999
00000000-0000-0000-0000-000005f5e15e,,,,-1,,128.55.12.57,8600
00000000-0000-0000-0000-000005f5e15f,,,,-1,,128.55.12.57,9595
00000000-0000-0000-0000-000005f5e160,,,,-1,,128.55.12.57,1132
00000000-0000-0000-0000-000005f5e161,,,,-1,,128.55.12.57,1812
00000000-0000-0000-0000-000005f5e162,,,,-1,,128.55.12.57,545
00000000-0000-0000-0000-000005f5e163,,,,-1,,128.55.12.57,16018
00000000-0000-0000-0000-000005f5e164,,,,-1,,128.55.12.57,981
00000000-0000-0000-0000-000005f5e165,,,,-1,,128.55.12.57,416
00000000-0000-0000-0000-000005f5e166,,,,-1,,128.55.12.57,8651
00000000-0000-0000-0000-000005f5e167,,,,-1,,128.55.12.57,7911
00000000-0000-0000-0000-000005f5e168,,,,-1,,128.55.12.57,6547
00000000-0000-0000-0000-000005f5e169,,,,-1,,128.55.12.57,49165
00000000-0000-0000-0000-000005f5e16a,,,,-1,,128.55.12.57,24800
00000000-0000-0000-0000-000005f5e16b,,,,-1,,128.55.12.57,901
00000000-0000-0000-0000-000005f5e16c,,,,-1,,128.55.12.57,992
00000000-0000-0000-0000-000005f5e16d,,,,-1,,128.55.12.57,3003
00000000-0000-0000-0000-000005f5e16e,,,,-1,,128.55.12.57,10617
00000000-0000-0000-0000-000005f5e16f,,,,-1,,128.55.12.57,5906
00000000-0000-0000-0000-000005f5e170,,,,-1,,128.55.12.57,3007
00000000-0000-0000-0000-000005f5e171,,,,-1,,128.55.12.57,20005
00000000-0000-0000-0000-000005f5e172,,,,-1,,128.55.12.57,6689
00000000-0000-0000-0000-000005f5e173,,,,-1,,128.55.12.57,49159
00000000-0000-0000-0000-000005f5e174,,,,-1,,128.55.12.57,3001
00000000-0000-0000-0000-000005f5e175,,,,-1,,128.55.12.57,4900
00000000-0000-0000-0000-000005f5e176,,,,-1,,128.55.12.57,52869
00000000-0000-0000-0000-000005f5e177,,,,-1,,128.55.12.57,524
00000000-0000-0000-0000-000005f5e178,,,,-1,,128.55.12.57,1145
00000000-0000-0000-0000-000005f5e179,,,,-1,,128.55.12.57,9998
00000000-0000-0000-0000-000005f5e17a,,,,-1,,128.55.12.57,25735
00000000-0000-0000-0000-000005f5e17b,,,,-1,,128.55.12.57,4443
00000000-0000-0000-0000-000005f5e17c,,,,-1,,128.55.12.57,62078
00000000-0000-0000-0000-000005f5e17d,,,,-1,,128.55.12.57,2605
00000000-0000-0000-0000-000005f5e17e,,,,-1,,128.55.12.57,1050
00000000-0000-0000-0000-000005f5e17f,,,,-1,,128.55.12.57,8899
00000000-0000-0000-0000-000005f5e180,,,,-1,,128.55.12.57,32778
00000000-0000-0000-0000-000005f5e181,,,,-1,,128.55.12.57,2701
00000000-0000-0000-0000-000005f5e182,,,,-1,,128.55.12.57,10628
00000000-0000-0000-0000-000005f5e183,,,,-1,,128.55.12.57,24
00000000-0000-0000-0000-000005f5e184,,,,-1,,128.55.12.57,2161
00000000-0000-0000-0000-000005f5e185,,,,-1,,128.55.12.57,8402
00000000-0000-0000-0000-000005f5e186,,,,-1,,128.55.12.57,7004
00000000-0000-0000-0000-000005f5e187,,,,-1,,128.55.12.57,1124
00000000-0000-0000-0000-000005f5e188,,,,-1,,128.55.12.57,700
00000000-0000-0000-0000-000005f5e189,,,,-1,,128.55.12.57,2718
00000000-0000-0000-0000-000005f5e18a,,,,-1,,128.55.12.57,7000
00000000-0000-0000-0000-000005f5e18b,,,,-1,,128.55.12.57,1073
00000000-0000-0000-0000-000005f5e18c,,,,-1,,128.55.12.57,4125
00000000-0000-0000-0000-000005f5e18d,,,,-1,,128.55.12.57,1121
00000000-0000-0000-0000-000005f5e18e,,,,-1,,128.55.12.57,9090
00000000-0000-0000-0000-000005f5e18f,,,,-1,,128.55.12.57,301
00000000-0000-0000-0000-000005f5e190,,,,-1,,128.55.12.57,6901
00000000-0000-0000-0000-000005f5e191,,,,-1,,128.55.12.57,9929
00000000-0000-0000-0000-000005f5e192,,,,-1,,128.55.12.57,51493
00000000-0000-0000-0000-000005f5e193,,,,-1,,128.55.12.57,3809
00000000-0000-0000-0000-000005f5e194,,,,-1,,128.55.12.57,1001
00000000-0000-0000-0000-000005f5e195,,,,-1,,128.55.12.57,1126
00000000-0000-0000-0000-000005f5e196,,,,-1,,128.55.12.57,18101
00000000-0000-0000-0000-000005f5e197,,,,-1,,128.55.12.57,912
00000000-0000-0000-0000-000005f5e198,,,,-1,,128.55.12.57,9000
00000000-0000-0000-0000-000005f5e199,,,,-1,,128.55.12.57,1010
00000000-0000-0000-0000-000005f5e19a,,,,-1,,128.55.12.57,1186
00000000-0000-0000-0000-000005f5e19b,,,,-1,,128.55.12.57,3211
00000000-0000-0000-0000-000005f5e19c,,,,-1,,128.55.12.57,18040
00000000-0000-0000-0000-000005f5e19d,,,,-1,,128.55.12.57,4005
00000000-0000-0000-0000-000005f5e19e,,,,-1,,128.55.12.57,1666
00000000-0000-0000-0000-000005f5e19f,,,,-1,,128.55.12.57,8181
00000000-0000-0000-0000-000005f5e1a0,,,,-1,,128.55.12.57,7402
00000000-0000-0000-0000-000005f5e1a1,,,,-1,,128.55.12.57,2038
00000000-0000-0000-0000-000005f5e1a2,,,,-1,,128.55.12.57,1311
00000000-0000-0000-0000-000005f5e1a3,,,,-1,,128.55.12.57,50800
00000000-0000-0000-0000-000005f5e1a4,,,,-1,,128.55.12.57,7627
00000000-0000-0000-0000-000005f5e1a5,,,,-1,,128.55.12.57,8383
00000000-0000-0000-0000-000005f5e1a6,,,,-1,,128.55.12.57,125
00000000-0000-0000-0000-000005f5e1a7,,,,-1,,128.55.12.57,10621
00000000-0000-0000-0000-000005f5e1a8,,,,-1,,128.55.12.57,3325
00000000-0000-0000-0000-000005f5e1a9,,,,-1,,128.55.12.57,8000
00000000-0000-0000-0000-000005f5e1aa,,,,-1,,128.55.12.57,9876
00000000-0000-0000-0000-000005f5e1ab,,,,-1,,128.55.12.57,5200
00000000-0000-0000-0000-000005f5e1ac,,,,-1,,128.55.12.57,50006
00000000-0000-0000-0000-000005f5e1ad,,,,-1,,128.55.12.57,911
00000000-0000-0000-0000-000005f5e1ae,,,,-1,,128.55.12.57,17
00000000-0000-0000-0000-000005f5e1af,,,,-1,,128.55.12.57,1761
00000000-0000-0000-0000-000005f5e1b0,,,,-1,,128.55.12.57,9071
00000000-0000-0000-0000-000005f5e1b1,,,,-1,,128.55.12.57,30951
00000000-0000-0000-0000-000005f5e1b2,,,,-1,,128.55.12.57,3889
00000000-0000-0000-0000-000005f5e1b3,,,,-1,,128.55.12.57,65129
00000000-0000-0000-0000-000005f5e1b4,,,,-1,,128.55.12.57,2875
00000000-0000-0000-0000-000005f5e1b5,,,,-1,,128.55.12.57,668
00000000-0000-0000-0000-000005f5e1b6,,,,-1,,128.55.12.57,5510
00000000-0000-0000-0000-000005f5e1b7,,,,-1,,128.55.12.57,1864
00000000-0000-0000-0000-000005f5e1b8,,,,-1,,128.55.12.57,5280
00000000-0000-0000-0000-000005f5e1b9,,,,-1,,128.55.12.57,7025
00000000-0000-0000-0000-000005f5e1ba,,,,-1,,128.55.12.57,1122
00000000-0000-0000-0000-000005f5e1bb,,,,-1,,128.55.12.57,1023
00000000-0000-0000-0000-000005f5e1bc,,,,-1,,128.55.12.57,6346
00000000-0000-0000-0000-000005f5e1bd,,,,-1,,128.55.12.57,563
00000000-0000-0000-0000-000005f5e1be,,,,-1,,128.55.12.57,4444
00000000-0000-0000-0000-000005f5e1bf,,,,-1,,128.55.12.57,9101
00000000-0000-0000-0000-000005f5e1c0,,,,-1,,128.55.12.57,6106
00000000-0000-0000-0000-000005f5e1c1,,,,-1,,128.55.12.57,3659
00000000-0000-0000-0000-000005f5e1c2,,,,-1,,128.55.12.57,2383
00000000-0000-0000-0000-000005f5e1c3,,,,-1,,128.55.12.57,1900
00000000-0000-0000-0000-000005f5e1c4,,,,-1,,128.55.12.57,70
00000000-0000-0000-0000-000005f5e1c5,,,,-1,,128.55.12.57,2121
00000000-0000-0000-0000-000005f5e1c6,,,,-1,,128.55.12.57,4550
00000000-0000-0000-0000-000005f5e1c7,,,,-1,,128.55.12.57,1059
00000000-0000-0000-0000-000005f5e1c8,,,,-1,,128.55.12.57,5903
00000000-0000-0000-0000-000005f5e1c9,,,,-1,,128.55.12.57,3260
00000000-0000-0000-0000-000005f5e1ca,,,,-1,,128.55.12.57,1114
00000000-0000-0000-0000-000005f5e1cb,,,,-1,,128.55.12.57,61532
00000000-0000-0000-0000-000005f5e1cc,,,,-1,,128.55.12.57,2034
00000000-0000-0000-0000-000005f5e1cd,,,,-1,,128.55.12.57,4224
00000000-0000-0000-0000-000005f5e1ce,,,,-1,,128.55.12.57,512
00000000-0000-0000-0000-000005f5e1cf,,,,-1,,128.55.12.57,7676
00000000-0000-0000-0000-000005f5e1d0,,,,-1,,128.55.12.57,37
00000000-0000-0000-0000-000005f5e1d1,,,,-1,,128.55.12.57,2006
00000000-0000-0000-0000-000005f5e1d2,,,,-1,,128.55.12.57,8011
00000000-0000-0000-0000-000005f5e1d3,,,,-1,,128.55.12.57,1028
00000000-0000-0000-0000-000005f5e1d4,,,,-1,,128.55.12.57,14442
00000000-0000-0000-0000-000005f5e1d5,,,,-1,,128.55.12.57,1501
00000000-0000-0000-0000-000005f5e1d6,,,,-1,,128.55.12.57,2126
00000000-0000-0000-0000-000005f5e1d7,,,,-1,,128.55.12.57,32783
00000000-0000-0000-0000-000005f5e1d8,,,,-1,,128.55.12.57,3005
00000000-0000-0000-0000-000005f5e1d9,,,,-1,,128.55.12.57,5904
00000000-0000-0000-0000-000005f5e1da,,,,-1,,128.55.12.57,13722
00000000-0000-0000-0000-000005f5e1db,,,,-1,,128.55.12.57,1688
00000000-0000-0000-0000-000005f5e1dc,,,,-1,,128.55.12.57,9290
00000000-0000-0000-0000-000005f5e1dd,,,,-1,,128.55.12.57,2020
00000000-0000-0000-0000-000005f5e1de,,,,-1,,128.55.12.57,10082
00000000-0000-0000-0000-000005f5e1df,,,,-1,,128.55.12.57,15002
00000000-0000-0000-0000-000005f5e1e0,,,,-1,,128.55.12.57,5190
00000000-0000-0000-0000-000005f5e1e1,,,,-1,,128.55.12.57,8087
00000000-0000-0000-0000-000005f5e1e2,,,,-1,,128.55.12.57,1974
00000000-0000-0000-0000-000005f5e1e3,,,,-1,,128.55.12.57,5679
00000000-0000-0000-0000-000005f5e1e4,,,,-1,,128.55.12.57,5431
00000000-0000-0000-0000-000005f5e1e5,,,,-1,,128.55.12.57,2008
00000000-0000-0000-0000-000005f5e1e6,,,,-1,,128.55.12.57,9593
00000000-0000-0000-0000-000005f5e1e7,,,,-1,,128.55.12.57,9618
00000000-0000-0000-0000-000005f5e1e8,,,,-1,,128.55.12.57,5730
00000000-0000-0000-0000-000005f5e1e9,,,,-1,,128.55.12.57,82
00000000-0000-0000-0000-000005f5e1ea,,,,-1,,128.55.12.57,3995
00000000-0000-0000-0000-000005f5e1eb,,,,-1,,128.55.12.57,6788
00000000-0000-0000-0000-000005f5e1ec,,,,-1,,128.55.12.57,7937
00000000-0000-0000-0000-000005f5e1ed,,,,-1,,128.55.12.57,6567
00000000-0000-0000-0000-000005f5e1ee,,,,-1,,128.55.12.57,1085
00000000-0000-0000-0000-000005f5e1ef,,,,-1,,128.55.12.57,10626
00000000-0000-0000-0000-000005f5e1f0,,,,-1,,128.55.12.57,1322
00000000-0000-0000-0000-000005f5e1f1,,,,-1,,128.55.12.57,49153
00000000-0000-0000-0000-000005f5e1f2,,,,-1,,128.55.12.57,5862
00000000-0000-0000-0000-000005f5e1f3,,,,-1,,128.55.12.57,13783
00000000-0000-0000-0000-000005f5e1f4,,,,-1,,128.55.12.57,7741
00000000-0000-0000-0000-000005f5e1f5,,,,-1,,128.55.12.57,20222
00000000-0000-0000-0000-000005f5e1f6,,,,-1,,128.55.12.57,49163
00000000-0000-0000-0000-000005f5e1f7,,,,-1,,128.55.12.57,1110
00000000-0000-0000-0000-000005f5e1f8,,,,-1,,128.55.12.57,631
00000000-0000-0000-0000-000005f5e1f9,,,,-1,,128.55.12.57,14238
00000000-0000-0000-0000-000005f5e1fa,,,,-1,,128.55.12.57,20221
00000000-0000-0000-0000-000005f5e1fb,,,,-1,,128.55.12.57,9485
00000000-0000-0000-0000-000005f5e1fc,,,,-1,,128.55.12.57,3031
00000000-0000-0000-0000-000005f5e1fd,,,,-1,,128.55.12.57,40193
00000000-0000-0000-0000-000005f5e1fe,,,,-1,,128.55.12.57,21571
00000000-0000-0000-0000-000005f5e1ff,,,,-1,,128.55.12.57,777
00000000-0000-0000-0000-000005f5e200,,,,-1,,128.55.12.57,1521
00000000-0000-0000-0000-000005f5e201,,,,-1,,128.55.12.57,548
00000000-0000-0000-0000-000005f5e202,,,,-1,,128.55.12.57,2119
00000000-0000-0000-0000-000005f5e203,,,,-1,,128.55.12.57,6839
00000000-0000-0000-0000-000005f5e204,,,,-1,,128.55.12.57,3476
00000000-0000-0000-0000-000005f5e205,,,,-1,,128.55.12.57,34571
00000000-0000-0000-0000-000005f5e206,,,,-1,,128.55.12.57,10003
00000000-0000-0000-0000-000005f5e207,,,,-1,,128.55.12.57,1024
00000000-0000-0000-0000-000005f5e208,,,,-1,,128.55.12.57,1071
00000000-0000-0000-0000-000005f5e209,,,,-1,,128.55.12.57,1801
00000000-0000-0000-0000-000005f5e20a,,,,-1,,128.55.12.57,33
00000000-0000-0000-0000-000005f5e20b,,,,-1,,128.55.12.57,7001
00000000-0000-0000-0000-000005f5e20c,,,,-1,,128.55.12.57,8290
00000000-0000-0000-0000-000005f5e20d,,,,-1,,128.55.12.57,2366
00000000-0000-0000-0000-000005f5e20e,,,,-1,,128.55.12.57,9900
00000000-0000-0000-0000-000005f5e20f,,,,-1,,128.55.12.57,5003
00000000-0000-0000-0000-000005f5e210,,,,-1,,128.55.12.57,1148
00000000-0000-0000-0000-000005f5e211,,,,-1,,128.55.12.57,9050
00000000-0000-0000-0000-000005f5e212,,,,-1,,128.55.12.57,1971
00000000-0000-0000-0000-000005f5e213,,,,-1,,128.55.12.57,3370
00000000-0000-0000-0000-000005f5e214,,,,-1,,128.55.12.57,1201
00000000-0000-0000-0000-000005f5e215,,,,-1,,128.55.12.57,3
00000000-0000-0000-0000-000005f5e216,,,,-1,,128.55.12.57,666
00000000-0000-0000-0000-000005f5e217,,,,-1,,128.55.12.57,2909
00000000-0000-0000-0000-000005f5e218,,,,-1,,128.55.12.57,1233
00000000-0000-0000-0000-000005f5e219,,,,-1,,128.55.12.57,5002
00000000-0000-0000-0000-000005f5e21a,,,,-1,,128.55.12.57,8200
00000000-0000-0000-0000-000005f5e21b,,,,-1,,128.55.12.57,2000
00000000-0000-0000-0000-000005f5e21c,,,,-1,,128.55.12.57,425
00000000-0000-0000-0000-000005f5e21d,,,,-1,,128.55.12.57,1106
00000000-0000-0000-0000-000005f5e21e,,,,-1,,128.55.12.57,27715
00000000-0000-0000-0000-000005f5e21f,,,,-1,,128.55.12.57,8002
00000000-0000-0000-0000-000005f5e220,,,,-1,,128.55.12.57,8045
00000000-0000-0000-0000-000005f5e221,,,,-1,,128.55.12.57,5225
00000000-0000-0000-0000-000005f5e222,,,,-1,,128.55.12.57,1075
00000000-0000-0000-0000-000005f5e223,,,,-1,,128.55.12.57,1287
00000000-0000-0000-0000-000005f5e224,,,,-1,,128.55.12.57,7800
00000000-0000-0000-0000-000005f5e225,,,,-1,,128.55.12.57,1113
00000000-0000-0000-0000-000005f5e226,,,,-1,,128.55.12.57,2103
00000000-0000-0000-0000-000005f5e227,,,,-1,,128.55.12.57,9415
00000000-0000-0000-0000-000005f5e228,,,,-1,,128.55.12.57,9111
00000000-0000-0000-0000-000005f5e229,,,,-1,,128.55.12.57,3878
00000000-0000-0000-0000-000005f5e22a,,,,-1,,128.55.12.57,32770
00000000-0000-0000-0000-000005f5e22b,,,,-1,,128.55.12.57,8086
00000000-0000-0000-0000-000005f5e22c,,,,-1,,128.55.12.57,15660
00000000-0000-0000-0000-000005f5e22d,,,,-1,,128.55.12.57,5989
00000000-0000-0000-0000-000005f5e22e,,,,-1,,128.55.12.57,8333
00000000-0000-0000-0000-000005f5e22f,,,,-1,,128.55.12.57,8300
00000000-0000-0000-0000-000005f5e230,,,,-1,,128.55.12.57,19
00000000-0000-0000-0000-000005f5e231,,,,-1,,128.55.12.57,56738
00000000-0000-0000-0000-000005f5e232,,,,-1,,128.55.12.57,2920
00000000-0000-0000-0000-000005f5e233,,,,-1,,128.55.12.57,2869
00000000-0000-0000-0000-000005f5e234,,,,-1,,128.55.12.57,5850
00000000-0000-0000-0000-000005f5e235,,,,-1,,128.55.12.57,6666
00000000-0000-0000-0000-000005f5e236,,,,-1,,128.55.12.57,714
00000000-0000-0000-0000-000005f5e237,,,,-1,,128.55.12.57,2725
00000000-0000-0000-0000-000005f5e238,,,,-1,,128.55.12.57,6580
00000000-0000-0000-0000-000005f5e239,,,,-1,,128.55.12.57,1029
00000000-0000-0000-0000-000005f5e23a,,,,-1,,128.55.12.57,32773
00000000-0000-0000-0000-000005f5e23b,,,,-1,,128.55.12.57,6156
00000000-0000-0000-0000-000005f5e23c,,,,-1,,128.55.12.57,2967
00000000-0000-0000-0000-000005f5e23d,,,,-1,,128.55.12.57,2702
00000000-0000-0000-0000-000005f5e23e,,,,-1,,128.55.12.57,3551
00000000-0000-0000-0000-000005f5e23f,,,,-1,,128.55.12.57,10004
00000000-0000-0000-0000-000005f5e240,,,,-1,,128.55.12.57,1084
00000000-0000-0000-0000-000005f5e241,,,,-1,,128.55.12.57,1152
00000000-0000-0000-0000-000005f5e242,,,,-1,,128.55.12.57,5952
00000000-0000-0000-0000-000005f5e243,,,,-1,,128.55.12.57,2399
00000000-0000-0000-0000-000005f5e244,,,,-1,,128.55.12.57,6881
00000000-0000-0000-0000-000005f5e245,,,,-1,,128.55.12.57,17877
00000000-0000-0000-0000-000005f5e246,,,,-1,,128.55.12.57,3301
00000000-0000-0000-0000-000005f5e247,,,,-1,,128.55.12.57,1443
00000000-0000-0000-0000-000005f5e248,,,,-1,,128.55.12.57,1063
00000000-0000-0000-0000-000005f5e249,,,,-1,,128.55.12.57,1174
00000000-0000-0000-0000-000005f5e24a,,,,-1,,128.55.12.57,32771
00000000-0000-0000-0000-000005f5e24b,,,,-1,,128.55.12.57,1033
00000000-0000-0000-0000-000005f5e24c,,,,-1,,128.55.12.57,2607
00000000-0000-0000-0000-000005f5e24d,,,,-1,,128.55.12.57,6101
00000000-0000-0000-0000-000005f5e24e,,,,-1,,128.55.12.57,6699
00000000-0000-0000-0000-000005f5e24f,,,,-1,,128.55.12.57,1036
00000000-0000-0000-0000-000005f5e250,,,,-1,,128.55.12.57,7435
00000000-0000-0000-0000-000005f5e251,,,,-1,,128.55.12.57,7496
00000000-0000-0000-0000-000005f5e252,,,,-1,,128.55.12.57,1783
00000000-0000-0000-0000-000005f5e253,,,,-1,,128.55.12.57,10566
00000000-0000-0000-0000-000005f5e254,,,,-1,,128.55.12.57,1914
00000000-0000-0000-0000-000005f5e255,,,,-1,,128.55.12.57,9898
00000000-0000-0000-0000-000005f5e256,,,,-1,,128.55.12.57,5030
00000000-0000-0000-0000-000005f5e257,,,,-1,,128.55.12.57,16992
00000000-0000-0000-0000-000005f5e258,,,,-1,,128.55.12.57,1069
00000000-0000-0000-0000-000005f5e259,,,,-1,,128.55.12.57,1217
00000000-0000-0000-0000-000005f5e25a,,,,-1,,128.55.12.57,1011
00000000-0000-0000-0000-000005f5e25b,,,,-1,,128.55.12.57,6059
00000000-0000-0000-0000-000005f5e25c,,,,-1,,128.55.12.57,61900
00000000-0000-0000-0000-000005f5e25d,,,,-1,,128.55.12.57,8652
00000000-0000-0000-0000-000005f5e25e,,,,-1,,128.55.12.57,5061
00000000-0000-0000-0000-000005f5e25f,,,,-1,,128.55.12.57,8007
00000000-0000-0000-0000-000005f5e260,,,,-1,,128.55.12.57,1352
00000000-0000-0000-0000-000005f5e261,,,,-1,,128.55.12.57,32782
00000000-0000-0000-0000-000005f5e262,,,,-1,,128.55.12.57,2200
00000000-0000-0000-0000-000005f5e263,,,,-1,,128.55.12.57,5009
00000000-0000-0000-0000-000005f5e264,,,,-1,,128.55.12.57,3371
00000000-0000-0000-0000-000005f5e265,,,,-1,,128.55.12.57,50500
00000000-0000-0000-0000-000005f5e266,,,,-1,,128.55.12.57,3986
00000000-0000-0000-0000-000005f5e267,,,,-1,,128.55.12.57,1002
00000000-0000-0000-0000-000005f5e268,,,,-1,,128.55.12.57,8100
00000000-0000-0000-0000-000005f5e269,,,,-1,,128.55.12.57,593
00000000-0000-0000-0000-000005f5e26a,,,,-1,,128.55.12.57,691
00000000-0000-0000-0000-000005f5e26b,,,,-1,,128.55.12.57,1086
00000000-0000-0000-0000-000005f5e26c,,,,-1,,128.55.12.57,2048
00000000-0000-0000-0000-000005f5e26d,,,,-1,,128.55.12.57,8222
00000000-0000-0000-0000-000005f5e26e,,,,-1,,128.55.12.57,49167
00000000-0000-0000-0000-000005f5e26f,,,,-1,,128.55.12.57,843
00000000-0000-0000-0000-000005f5e270,,,,-1,,128.55.12.57,1034
00000000-0000-0000-0000-000005f5e271,,,,-1,,128.55.12.57,1556
00000000-0000-0000-0000-000005f5e272,,,,-1,,128.55.12.57,2522
00000000-0000-0000-0000-000005f5e273,,,,-1,,128.55.12.57,30718
00000000-0000-0000-0000-000005f5e274,,,,-1,,128.55.12.57,1065
00000000-0000-0000-0000-000005f5e275,,,,-1,,128.55.12.57,3814
00000000-0000-0000-0000-000005f5e276,,,,-1,,128.55.12.57,2557
00000000-0000-0000-0000-000005f5e277,,,,-1,,128.55.12.57,1045
00000000-0000-0000-0000-000005f5e278,,,,-1,,128.55.12.57,1048
00000000-0000-0000-0000-000005f5e279,,,,-1,,128.55.12.57,49176
00000000-0000-0000-0000-000005f5e27a,,,,-1,,128.55.12.57,3689
00000000-0000-0000-0000-000005f5e27b,,,,-1,,128.55.12.57,8088
00000000-0000-0000-0000-000005f5e27c,,,,-1,,128.55.12.57,902
00000000-0000-0000-0000-000005f5e27d,,,,-1,,128.55.12.57,10024
00000000-0000-0000-0000-000005f5e27e,,,,-1,,128.55.12.57,3828
00000000-0000-0000-0000-000005f5e27f,,,,-1,,128.55.12.57,31337
00000000-0000-0000-0000-000005f5e280,,,,-1,,128.55.12.57,3801
00000000-0000-0000-0000-000005f5e281,,,,-1,,128.55.12.57,5810
00000000-0000-0000-0000-000005f5e282,,,,-1,,128.55.12.57,3404
00000000-0000-0000-0000-000005f5e283,,,,-1,,128.55.12.57,51103
00000000-0000-0000-0000-000005f5e284,,,,-1,,128.55.12.57,9080
00000000-0000-0000-0000-000005f5e285,,,,-1,,128.55.12.57,7938
00000000-0000-0000-0000-000005f5e286,,,,-1,,128.55.12.57,49999
00000000-0000-0000-0000-000005f5e287,,,,-1,,128.55.12.57,32775
00000000-0000-0000-0000-000005f5e288,,,,-1,,128.55.12.57,2196
00000000-0000-0000-0000-000005f5e289,,,,-1,,128.55.12.57,6129
00000000-0000-0000-0000-000005f5e28a,,,,-1,,128.55.12.57,7920
00000000-0000-0000-0000-000005f5e28b,,,,-1,,128.55.12.57,49152
00000000-0000-0000-0000-000005f5e28c,,,,-1,,128.55.12.57,43
00000000-0000-0000-0000-000005f5e28d,,,,-1,,128.55.12.57,6000
00000000-0000-0000-0000-000005f5e28e,,,,-1,,128.55.12.57,1718
00000000-0000-0000-0000-000005f5e28f,,,,-1,,128.55.12.57,4111
00000000-0000-0000-0000-000005f5e290,,,,-1,,128.55.12.57,2602
00000000-0000-0000-0000-000005f5e291,,,,-1,,128.55.12.57,2106
00000000-0000-0000-0000-000005f5e292,,,,-1,,128.55.12.57,9001
00000000-0000-0000-0000-000005f5e293,,,,-1,,128.55.12.57,1141
00000000-0000-0000-0000-000005f5e294,,,,-1,,128.55.12.57,6543
00000000-0000-0000-0000-000005f5e295,,,,-1,,128.55.12.57,1130
00000000-0000-0000-0000-000005f5e296,,,,-1,,128.55.12.57,340
00000000-0000-0000-0000-000005f5e297,,,,-1,,128.55.12.57,1687
00000000-0000-0000-0000-000005f5e298,,,,-1,,128.55.12.57,26
00000000-0000-0000-0000-000005f5e299,,,,-1,,128.55.12.57,900
00000000-0000-0000-0000-000005f5e29a,,,,-1,,128.55.12.57,787
00000000-0000-0000-0000-000005f5e29b,,,,-1,,128.55.12.57,32774
00000000-0000-0000-0000-000005f5e29c,,,,-1,,128.55.12.57,10002
00000000-0000-0000-0000-000005f5e29d,,,,-1,,128.55.12.57,23502
00000000-0000-0000-0000-000005f5e29e,,,,-1,,128.55.12.57,683
00000000-0000-0000-0000-000005f5e29f,,,,-1,,128.55.12.57,636
00000000-0000-0000-0000-000005f5e2a0,,,,-1,,128.55.12.57,7002
00000000-0000-0000-0000-000005f5e2a1,,,,-1,,128.55.12.57,2500
00000000-0000-0000-0000-000005f5e2a2,,,,-1,,128.55.12.57,1164
00000000-0000-0000-0000-000005f5e2a3,,,,-1,,128.55.12.57,26214
00000000-0000-0000-0000-000005f5e2a4,,,,-1,,128.55.12.57,1099
00000000-0000-0000-0000-000005f5e2a5,,,,-1,,128.55.12.57,20031
00000000-0000-0000-0000-000005f5e2a6,,,,-1,,128.55.12.57,5801
00000000-0000-0000-0000-000005f5e2a7,,,,-1,,128.55.12.57,100
00000000-0000-0000-0000-000005f5e2a8,,,,-1,,128.55.12.57,406
00000000-0000-0000-0000-000005f5e2a9,,,,-1,,128.55.12.57,9091
00000000-0000-0000-0000-000005f5e2aa,,,,-1,,128.55.12.57,1081
00000000-0000-0000-0000-000005f5e2ab,,,,-1,,128.55.12.57,8400
00000000-0000-0000-0000-000005f5e2ac,,,,-1,,128.55.12.57,41511
00000000-0000-0000-0000-000005f5e2ad,,,,-1,,128.55.12.57,1805
00000000-0000-0000-0000-000005f5e2ae,,,,-1,,128.55.12.57,56737
00000000-0000-0000-0000-000005f5e2af,,,,-1,,128.55.12.57,1300
00000000-0000-0000-0000-000005f5e2b0,,,,-1,,128.55.12.57,4045
00000000-0000-0000-0000-000005f5e2b1,,,,-1,,128.55.12.57,1658
00000000-0000-0000-0000-000005f5e2b2,,,,-1,,128.55.12.57,3703
00000000-0000-0000-0000-000005f5e2b3,,,,-1,,128.55.12.57,50300
00000000-0000-0000-0000-000005f5e2b4,,,,-1,,128.55.12.57,45100
00000000-0000-0000-0000-000005f5e2b5,,,,-1,,128.55.12.57,18988
00000000-0000-0000-0000-000005f5e2b6,,,,-1,,128.55.12.57,2001
00000000-0000-0000-0000-000005f5e2b7,,,,-1,,128.55.12.57,55056
00000000-0000-0000-0000-000005f5e2b8,,,,-1,,128.55.12.57,81
00000000-0000-0000-0000-000005f5e2b9,,,,-1,,128.55.12.57,2809
00000000-0000-0000-0000-000005f5e2ba,,,,-1,,128.55.12.57,1277
00000000-0000-0000-0000-000005f5e2bb,,,,-1,,128.55.12.57,1272
00000000-0000-0000-0000-000005f5e2bc,,,,-1,,128.55.12.57,2382
00000000-0000-0000-0000-000005f5e2bd,,,,-1,,128.55.12.57,8500
00000000-0000-0000-0000-000005f5e2be,,,,-1,,128.55.12.57,5633
00000000-0000-0000-0000-000005f5e2bf,,,,-1,,128.55.12.57,49175
00000000-0000-0000-0000-000005f5e2c0,,,,-1,,128.55.12.57,5800
00000000-0000-0000-0000-000005f5e2c1,,,,-1,,128.55.12.57,1984
00000000-0000-0000-0000-000005f5e2c2,,,,-1,,128.55.12.57,2160
00000000-0000-0000-0000-000005f5e2c3,,,,-1,,128.55.12.57,808
00000000-0000-0000-0000-000005f5e2c4,,,,-1,,128.55.12.57,2002
00000000-0000-0000-0000-000005f5e2c5,,,,-1,,128.55.12.57,3784
00000000-0000-0000-0000-000005f5e2c6,,,,-1,,128.55.12.57,5963
00000000-0000-0000-0000-000005f5e2c7,,,,-1,,128.55.12.57,119
00000000-0000-0000-0000-000005f5e2c8,,,,-1,,128.55.12.57,1165
00000000-0000-0000-0000-000005f5e2c9,,,,-1,,128.55.12.57,30
00000000-0000-0000-0000-000005f5e2ca,,,,-1,,128.55.12.57,49160
00000000-0000-0000-0000-000005f5e2cb,,,,-1,,128.55.12.57,5440
00000000-0000-0000-0000-000005f5e2cc,,,,-1,,128.55.12.57,4343
00000000-0000-0000-0000-000005f5e2cd,,,,-1,,128.55.12.57,1049
00000000-0000-0000-0000-000005f5e2ce,,,,-1,,128.55.12.57,5051
00000000-0000-0000-0000-000005f5e2cf,,,,-1,,128.55.12.57,8093
00000000-0000-0000-0000-000005f5e2d0,,,,-1,,128.55.12.57,3800
00000000-0000-0000-0000-000005f5e2d1,,,,-1,,128.55.12.57,50000
00000000-0000-0000-0000-000005f5e2d2,,,,-1,,128.55.12.57,8082
00000000-0000-0000-0000-000005f5e2d3,,,,-1,,128.55.12.57,1040
00000000-0000-0000-0000-000005f5e2d4,,,,-1,,128.55.12.57,2179
00000000-0000-0000-0000-000005f5e2d5,,,,-1,,128.55.12.57,5901
00000000-0000-0000-0000-000005f5e2d6,,,,-1,,128.55.12.57,50001
00000000-0000-0000-0000-000005f5e2d7,,,,-1,,128.55.12.57,11967
00000000-0000-0000-0000-000005f5e2d8,,,,-1,,128.55.12.57,9968
00000000-0000-0000-0000-000005f5e2d9,,,,-1,,128.55.12.57,1108
00000000-0000-0000-0000-000005f5e2da,,,,-1,,128.55.12.57,3168
00000000-0000-0000-0000-000005f5e2db,,,,-1,,128.55.12.57,3766
00000000-0000-0000-0000-000005f5e2dc,,,,-1,,128.55.12.57,254
00000000-0000-0000-0000-000005f5e2dd,,,,-1,,128.55.12.57,5678
00000000-0000-0000-0000-000005f5e2de,,,,-1,,128.55.12.57,465
00000000-0000-0000-0000-000005f5e2df,,,,-1,,128.55.12.57,13456
00000000-0000-0000-0000-000005f5e2e0,,,,-1,,128.55.12.57,1461
00000000-0000-0000-0000-000005f5e2e1,,,,-1,,128.55.12.57,20000
00000000-0000-0000-0000-000005f5e2e2,,,,-1,,128.55.12.57,19101
00000000-0000-0000-0000-000005f5e2e3,,,,-1,,128.55.12.57,8084
00000000-0000-0000-0000-000005f5e2e4,,,,-1,,128.55.12.57,3367
00000000-0000-0000-0000-000005f5e2e5,,,,-1,,128.55.12.57,5269
00000000-0000-0000-0000-000005f5e2e6,,,,-1,,128.55.12.57,63331
00000000-0000-0000-0000-000005f5e2e7,,,,-1,,128.55.12.57,40911
00000000-0000-0000-0000-000005f5e2e8,,,,-1,,128.55.12.57,444
00000000-0000-0000-0000-000005f5e2e9,,,,-1,,128.55.12.57,3011
00000000-0000-0000-0000-000005f5e2ea,,,,-1,,128.55.12.57,749
00000000-0000-0000-0000-000005f5e2eb,,,,-1,,128.55.12.57,32785
00000000-0000-0000-0000-000005f5e2ec,,,,-1,,128.55.12.57,5962
00000000-0000-0000-0000-000005f5e2ed,,,,-1,,128.55.12.57,42
00000000-0000-0000-0000-000005f5e2ee,,,,-1,,128.55.12.57,1259
00000000-0000-0000-0000-000005f5e2ef,,,,-1,,128.55.12.57,12345
00000000-0000-0000-0000-000005f5e2f0,,,,-1,,128.55.12.57,15000
00000000-0000-0000-0000-000005f5e2f1,,,,-1,,128.55.12.57,4445
00000000-0000-0000-0000-000005f5e2f2,,,,-1,,128.55.12.57,5988
00000000-0000-0000-0000-000005f5e2f3,,,,-1,,128.55.12.57,1080
00000000-0000-0000-0000-000005f5e2f4,,,,-1,,128.55.12.57,513
00000000-0000-0000-0000-000005f5e2f5,,,,-1,,128.55.12.57,515
00000000-0000-0000-0000-000005f5e2f6,,,,-1,,128.55.12.57,9099
00000000-0000-0000-0000-000005f5e2f7,,,,-1,,128.55.12.57,3998
00000000-0000-0000-0000-000005f5e2f8,,,,-1,,128.55.12.57,7625
00000000-0000-0000-0000-000005f5e2f9,,,,-1,,128.55.12.57,1875
00000000-0000-0000-0000-000005f5e2fa,,,,-1,,128.55.12.57,4
00000000-0000-0000-0000-000005f5e2fb,,,,-1,,128.55.12.57,3914
00000000-0000-0000-0000-000005f5e2fc,,,,-1,,128.55.12.57,1030
00000000-0000-0000-0000-000005f5e2fd,,,,-1,,128.55.12.57,2394
00000000-0000-0000-0000-000005f5e2fe,,,,-1,,128.55.12.57,311
00000000-0000-0000-0000-000005f5e2ff,,,,-1,,128.55.12.57,9943
00000000-0000-0000-0000-000005f5e300,,,,-1,,128.55.12.57,2604
00000000-0000-0000-0000-000005f5e301,,,,-1,,128.55.12.57,5060
00000000-0000-0000-0000-000005f5e302,,,,-1,,128.55.12.57,14441
00000000-0000-0000-0000-000005f5e303,,,,-1,,128.55.12.57,1082
00000000-0000-0000-0000-000005f5e304,,,,-1,,128.55.12.57,55555
00000000-0000-0000-0000-000005f5e305,,,,-1,,128.55.12.57,5432
00000000-0000-0000-0000-000005f5e306,,,,-1,,128.55.12.57,5718
00000000-0000-0000-0000-000005f5e307,,,,-1,,128.55.12.57,1078
00000000-0000-0000-0000-000005f5e308,,,,-1,,128.55.12.57,1052
00000000-0000-0000-0000-000005f5e309,,,,-1,,128.55.12.57,3372
00000000-0000-0000-0000-000005f5e30a,,,,-1,,128.55.12.57,44443
00000000-0000-0000-0000-000005f5e30b,,,,-1,,128.55.12.57,16080
00000000-0000-0000-0000-000005f5e30c,,,,-1,,128.55.12.57,32769
00000000-0000-0000-0000-000005f5e30d,,,,-1,,128.55.12.57,3269
00000000-0000-0000-0000-000005f5e30e,,,,-1,,128.55.12.57,765
00000000-0000-0000-0000-000005f5e30f,,,,-1,,128.55.12.57,458
00000000-0000-0000-0000-000005f5e310,,,,-1,,128.55.12.57,2043
00000000-0000-0000-0000-000005f5e311,,,,-1,,128.55.12.57,1057
00000000-0000-0000-0000-000005f5e312,,,,-1,,128.55.12.57,2009
00000000-0000-0000-0000-000005f5e313,,,,-1,,128.55.12.57,6779
00000000-0000-0000-0000-000005f5e314,,,,-1,,128.55.12.57,6668
00000000-0000-0000-0000-000005f5e315,,,,-1,,128.55.12.57,49157
00000000-0000-0000-0000-000005f5e316,,,,-1,,128.55.12.57,1053
00000000-0000-0000-0000-000005f5e317,,,,-1,,128.55.12.57,5802
00000000-0000-0000-0000-000005f5e318,,,,-1,,128.55.12.57,5298
00000000-0000-0000-0000-000005f5e319,,,,-1,,128.55.12.57,4446
00000000-0000-0000-0000-000005f5e31a,,,,-1,,128.55.12.57,4000
00000000-0000-0000-0000-000005f5e31b,,,,-1,,128.55.12.57,146
00000000-0000-0000-0000-000005f5e31c,,,,-1,,128.55.12.57,427
00000000-0000-0000-0000-000005f5e31d,,,,-1,,128.55.12.57,1091
00000000-0000-0000-0000-000005f5e31e,,,,-1,,128.55.12.57,705
00000000-0000-0000-0000-000005f5e31f,,,,-1,,128.55.12.57,5961
00000000-0000-0000-0000-000005f5e320,,,,-1,,128.55.12.57,1088
00000000-0000-0000-0000-000005f5e321,,,,-1,,128.55.12.57,19842
00000000-0000-0000-0000-000005f5e322,,,,-1,,128.55.12.57,1947
00000000-0000-0000-0000-000005f5e323,,,,-1,,128.55.12.57,24444
00000000-0000-0000-0000-000005f5e324,,,,-1,,128.55.12.57,898
00000000-0000-0000-0000-000005f5e325,,,,-1,,128.55.12.57,10629
00000000-0000-0000-0000-000005f5e326,,,,-1,,128.55.12.57,7007
00000000-0000-0000-0000-000005f5e327,,,,-1,,128.55.12.57,1039
00000000-0000-0000-0000-000005f5e328,,,,-1,,128.55.12.57,32784
00000000-0000-0000-0000-000005f5e329,,,,-1,,128.55.12.57,7100
00000000-0000-0000-0000-000005f5e32a,,,,-1,,128.55.12.57,5631
00000000-0000-0000-0000-000005f5e32b,,,,-1,,128.55.12.57,10778
00000000-0000-0000-0000-000005f5e32c,,,,-1,,128.55.12.57,16012
00000000-0000-0000-0000-000005f5e32d,,,,-1,,128.55.12.57,8099
00000000-0000-0000-0000-000005f5e32e,,,,-1,,128.55.12.57,3390
00000000-0000-0000-0000-000005f5e32f,,,,-1,,128.55.12.57,109
00000000-0000-0000-0000-000005f5e330,,,,-1,,128.55.12.57,2717
00000000-0000-0000-0000-000005f5e331,,,,-1,,128.55.12.57,2608
00000000-0000-0000-0000-000005f5e332,,,,-1,,128.55.12.57,3546
00000000-0000-0000-0000-000005f5e333,,,,-1,,128.55.12.57,1107
00000000-0000-0000-0000-000005f5e334,,,,-1,,128.55.12.57,4899
00000000-0000-0000-0000-000005f5e335,,,,-1,,128.55.12.57,8001
00000000-0000-0000-0000-000005f5e336,,,,-1,,128.55.12.57,5500
00000000-0000-0000-0000-000005f5e337,,,,-1,,128.55.12.57,1163
00000000-0000-0000-0000-000005f5e338,,,,-1,,128.55.12.57,5050
00000000-0000-0000-0000-000005f5e339,,,,-1,,128.55.12.57,1072
00000000-0000-0000-0000-000005f5e33a,,,,-1,,128.55.12.57,2042
00000000-0000-0000-0000-000005f5e33b,,,,-1,,128.55.12.57,9200
00000000-0000-0000-0000-000005f5e33c,,,,-1,,128.55.12.57,1051
00000000-0000-0000-0000-000005f5e33d,,,,-1,,128.55.12.57,1183
00000000-0000-0000-0000-000005f5e33e,,,,-1,,128.55.12.57,2049
00000000-0000-0000-0000-000005f5e33f,,,,-1,,128.55.12.57,12265
00000000-0000-0000-0000-000005f5e340,,,,-1,,128.55.12.57,2492
00000000-0000-0000-0000-000005f5e341,,,,-1,,128.55.12.57,1096
00000000-0000-0000-0000-000005f5e342,,,,-1,,128.55.12.57,1972
00000000-0000-0000-0000-000005f5e343,,,,-1,,128.55.12.57,6969
00000000-0000-0000-0000-000005f5e344,,,,-1,,128.55.12.57,1044
00000000-0000-0000-0000-000005f5e345,,,,-1,,128.55.12.57,8081
00000000-0000-0000-0000-000005f5e346,,,,-1,,128.55.12.57,4129
00000000-0000-0000-0000-000005f5e347,,,,-1,,128.55.12.57,1580
00000000-0000-0000-0000-000005f5e348,,,,-1,,128.55.12.57,1301
00000000-0000-0000-0000-000005f5e349,,,,-1,,128.55.12.57,5910
00000000-0000-0000-0000-000005f5e34a,,,,-1,,128.55.12.57,1213
00000000-0000-0000-0000-000005f5e34b,,,,-1,,128.55.12.57,3000
00000000-0000-0000-0000-000005f5e34c,,,,-1,,128.55.12.57,2013
00000000-0000-0000-0000-000005f5e34d,,,,-1,,128.55.12.57,543
00000000-0000-0000-0000-000005f5e34e,,,,-1,,128.55.12.57,38292
00000000-0000-0000-0000-000005f5e34f,,,,-1,,128.55.12.57,8021
00000000-0000-0000-0000-000005f5e350,,,,-1,,128.55.12.57,616
00000000-0000-0000-0000-000005f5e351,,,,-1,,128.55.12.57,5987
00000000-0000-0000-0000-000005f5e352,,,,-1,,128.55.12.57,8649
00000000-0000-0000-0000-000005f5e353,,,,-1,,128.55.12.57,1417
00000000-0000-0000-0000-000005f5e354,,,,-1,,128.55.12.57,1102
00000000-0000-0000-0000-000005f5e355,,,,-1,,128.55.12.57,1503
00000000-0000-0000-0000-000005f5e356,,,,-1,,128.55.12.57,4567
00000000-0000-0000-0000-000005f5e357,,,,-1,,128.55.12.57,163
00000000-0000-0000-0000-000005f5e358,,,,-1,,128.55.12.57,11111
00000000-0000-0000-0000-000005f5e359,,,,-1,,128.55.12.57,1026
00000000-0000-0000-0000-000005f5e35a,,,,-1,,128.55.12.57,2144
00000000-0000-0000-0000-000005f5e35b,,,,-1,,128.55.12.57,6007
00000000-0000-0000-0000-000005f5e35c,,,,-1,,128.55.12.57,1862
00000000-0000-0000-0000-000005f5e35d,,,,-1,,128.55.12.57,1037
00000000-0000-0000-0000-000005f5e35e,,,,-1,,128.55.12.57,6789
00000000-0000-0000-0000-000005f5e35f,,,,-1,,128.55.12.57,726
00000000-0000-0000-0000-000005f5e360,,,,-1,,128.55.12.57,1434
00000000-0000-0000-0000-000005f5e361,,,,-1,,128.55.12.57,5902
00000000-0000-0000-0000-000005f5e362,,,,-1,,128.55.12.57,57294
00000000-0000-0000-0000-000005f5e363,,,,-1,,128.55.12.57,5925
00000000-0000-0000-0000-000005f5e364,,,,-1,,128.55.12.57,44501
00000000-0000-0000-0000-000005f5e365,,,,-1,,128.55.12.57,2030
00000000-0000-0000-0000-000005f5e366,,,,-1,,128.55.12.57,1187
00000000-0000-0000-0000-000005f5e367,,,,-1,,128.55.12.57,481
00000000-0000-0000-0000-000005f5e368,,,,-1,,128.55.12.57,1043
00000000-0000-0000-0000-000005f5e369,,,,-1,,128.55.12.57,1248
00000000-0000-0000-0000-000005f5e36a,,,,-1,,128.55.12.57,4848
00000000-0000-0000-0000-000005f5e36b,,,,-1,,128.55.12.57,5221
00000000-0000-0000-0000-000005f5e36c,,,,-1,,128.55.12.57,52822
00000000-0000-0000-0000-000005f5e36d,,,,-1,,128.55.12.57,49155
00000000-0000-0000-0000-000005f5e36e,,,,-1,,128.55.12.57,1310
00000000-0000-0000-0000-000005f5e36f,,,,-1,,128.55.12.57,3580
00000000-0000-0000-0000-000005f5e370,,,,-1,,128.55.12.57,8193
00000000-0000-0000-0000-000005f5e371,,,,-1,,128.55.12.57,5566
00000000-0000-0000-0000-000005f5e372,,,,-1,,128.55.12.57,8192
00000000-0000-0000-0000-000005f5e373,,,,-1,,128.55.12.57,9207
00000000-0000-0000-0000-000005f5e374,,,,-1,,128.55.12.57,32780
00000000-0000-0000-0000-000005f5e375,,,,-1,,128.55.12.57,1935
00000000-0000-0000-0000-000005f5e376,,,,-1,,128.55.12.57,144
00000000-0000-0000-0000-000005f5e377,,,,-1,,128.55.12.57,783
00000000-0000-0000-0000-000005f5e378,,,,-1,,128.55.12.57,801
00000000-0000-0000-0000-000005f5e379,,,,-1,,128.55.12.57,8042
00000000-0000-0000-0000-000005f5e37a,,,,-1,,128.55.12.57,5950
00000000-0000-0000-0000-000005f5e37b,,,,-1,,128.55.12.57,3920
00000000-0000-0000-0000-000005f5e37c,,,,-1,,128.55.12.57,1060
00000000-0000-0000-0000-000005f5e37d,,,,-1,,128.55.12.57,1117
00000000-0000-0000-0000-000005f5e37e,,,,-1,,128.55.12.57,648
00000000-0000-0000-0000-000005f5e37f,,,,-1,,128.55.12.57,25734
00000000-0000-0000-0000-000005f5e380,,,,-1,,128.55.12.57,366
00000000-0000-0000-0000-000005f5e381,,,,-1,,128.55.12.57,84
00000000-0000-0000-0000-000005f5e382,,,,-1,,128.55.12.57,8010
00000000-0000-0000-0000-000005f5e383,,,,-1,,128.55.12.57,3369
00000000-0000-0000-0000-000005f5e384,,,,-1,,128.55.12.57,2021
00000000-0000-0000-0000-000005f5e385,,,,-1,,128.55.12.57,88
00000000-0000-0000-0000-000005f5e386,,,,-1,,128.55.12.57,1328
00000000-0000-0000-0000-000005f5e387,,,,-1,,128.55.12.57,5001
00000000-0000-0000-0000-000005f5e388,,,,-1,,128.55.12.57,222
00000000-0000-0000-0000-000005f5e389,,,,-1,,128.55.12.57,9081
00000000-0000-0000-0000-000005f5e38a,,,,-1,,128.55.12.57,15004
00000000-0000-0000-0000-000005f5e38b,,,,-1,,128.55.12.57,32781
00000000-0000-0000-0000-000005f5e38c,,,,-1,,128.55.12.57,1216
00000000-0000-0000-0000-000005f5e38d,,,,-1,,128.55.12.57,3128
00000000-0000-0000-0000-000005f5e38e,,,,-1,,128.55.12.57,2100
00000000-0000-0000-0000-000005f5e38f,,,,-1,,128.55.12.57,10000
00000000-0000-0000-0000-000005f5e390,,,,-1,,128.55.12.57,9009
00000000-0000-0000-0000-000005f5e391,,,,-1,,128.55.12.57,32779
00000000-0000-0000-0000-000005f5e392,,,,-1,,128.55.12.57,407
00000000-0000-0000-0000-000005f5e393,,,,-1,,128.55.12.57,6004
00000000-0000-0000-0000-000005f5e394,,,,-1,,128.55.12.57,20
00000000-0000-0000-0000-000005f5e395,,,,-1,,128.55.12.57,4662
00000000-0000-0000-0000-000005f5e396,,,,-1,,128.55.12.57,1138
00000000-0000-0000-0000-000005f5e397,,,,-1,,128.55.12.57,1104
00000000-0000-0000-0000-000005f5e398,,,,-1,,128.55.12.57,2401
00000000-0000-0000-0000-000005f5e399,,,,-1,,128.55.12.57,5877
00000000-0000-0000-0000-000005f5e39a,,,,-1,,128.55.12.57,17988
00000000-0000-0000-0000-000005f5e39b,,,,-1,,128.55.12.57,6025
00000000-0000-0000-0000-000005f5e39c,,,,-1,,128.55.12.57,5998
00000000-0000-0000-0000-000005f5e39d,,,,-1,,128.55.12.57,5666
00000000-0000-0000-0000-000005f5e39e,,,,-1,,128.55.12.57,5414
00000000-0000-0000-0000-000005f5e39f,,,,-1,,128.55.12.57,5357
00000000-0000-0000-0000-000005f5e3a0,,,,-1,,128.55.12.57,1087
00000000-0000-0000-0000-000005f5e3a1,,,,-1,,128.55.12.57,9917
00000000-0000-0000-0000-000005f5e3a2,,,,-1,,128.55.12.57,2323
00000000-0000-0000-0000-000005f5e3a3,,,,-1,,128.55.12.57,2525
00000000-0000-0000-0000-000005f5e3a4,,,,-1,,128.55.12.57,79
00000000-0000-0000-0000-000005f5e3a5,,,,-1,,128.55.12.57,8701
00000000-0000-0000-0000-000005f5e3a6,,,,-1,,128.55.12.57,2251
00000000-0000-0000-0000-000005f5e3a7,,,,-1,,128.55.12.57,49154
00000000-0000-0000-0000-000005f5e3a8,,,,-1,,128.55.12.57,6002
00000000-0000-0000-0000-000005f5e3a9,,,,-1,,128.55.12.57,27353
00000000-0000-0000-0000-000005f5e3aa,,,,-1,,128.55.12.57,6669
00000000-0000-0000-0000-000005f5e3ab,,,,-1,,128.55.12.57,4279
00000000-0000-0000-0000-000005f5e3ac,,,,-1,,128.55.12.57,211
00000000-0000-0000-0000-000005f5e3ad,,,,-1,,128.55.12.57,50002
00000000-0000-0000-0000-000005f5e3ae,,,,-1,,128.55.12.57,1095
00000000-0000-0000-0000-000005f5e3af,,,,-1,,128.55.12.57,3052
00000000-0000-0000-0000-000005f5e3b0,,,,-1,,128.55.12.57,9877
00000000-0000-0000-0000-000005f5e3b1,,,,-1,,128.55.12.57,49
00000000-0000-0000-0000-000005f5e3b2,,,,-1,,128.55.12.57,3945
00000000-0000-0000-0000-000005f5e3b3,,,,-1,,128.55.12.57,65000
00000000-0000-0000-0000-000005f5e3b4,,,,-1,,128.55.12.57,3006
00000000-0000-0000-0000-000005f5e3b5,,,,-1,,128.55.12.57,50389
00000000-0000-0000-0000-000005f5e3b6,,,,-1,,128.55.12.57,10025
00000000-0000-0000-0000-000005f5e3b7,,,,-1,,128.55.12.57,555
00000000-0000-0000-0000-000005f5e3b8,,,,-1,,128.55.12.57,2065
00000000-0000-0000-0000-000005f5e3b9,,,,-1,,128.55.12.57,3077
00000000-0000-0000-0000-000005f5e3ba,,,,-1,,128.55.12.57,6389
00000000-0000-0000-0000-000005f5e3bb,,,,-1,,128.55.12.57,4126
00000000-0000-0000-0000-000005f5e3bc,,,,-1,,128.55.12.57,60443
00000000-0000-0000-0000-000005f5e3bd,,,,-1,,128.55.12.57,44442
00000000-0000-0000-0000-000005f5e3be,,,,-1,,128.55.12.57,9103
00000000-0000-0000-0000-000005f5e3bf,,,,-1,,128.55.12.57,1097
00000000-0000-0000-0000-000005f5e3c0,,,,-1,,128.55.12.57,5822
00000000-0000-0000-0000-000005f5e3c1,,,,-1,,128.55.12.57,2638
00000000-0000-0000-0000-000005f5e3c2,,,,-1,,128.55.12.57,1066
00000000-0000-0000-0000-000005f5e3c3,,,,-1,,128.55.12.57,1137
00000000-0000-0000-0000-000005f5e3c4,,,,-1,,128.55.12.57,1244
00000000-0000-0000-0000-000005f5e3c5,,,,-1,,128.55.12.57,1839
00000000-0000-0000-0000-000005f5e3c6,,,,-1,,128.55.12.57,1500
00000000-0000-0000-0000-000005f5e3c7,,,,-1,,128.55.12.57,1079
00000000-0000-0000-0000-000005f5e3c8,,,,-1,,128.55.12.57,8254
00000000-0000-0000-0000-000005f5e3c9,,,,-1,,128.55.12.57,6667
00000000-0000-0000-0000-000005f5e3ca,,,,-1,,128.55.12.57,2998
00000000-0000-0000-0000-000005f5e3cb,,,,-1,,128.55.12.57,33899
00000000-0000-0000-0000-000005f5e3cc,,,,-1,,128.55.12.57,3322
00000000-0000-0000-0000-000005f5e3cd,,,,-1,,128.55.12.57,65389
00000000-0000-0000-0000-000005f5e3ce,,,,-1,,128.55.12.57,8291
00000000-0000-0000-0000-000005f5e3cf,,,,-1,,128.55.12.57,1
00000000-0000-0000-0000-000005f5e3d0,,,,-1,,128.55.12.57,6
00000000-0000-0000-0000-000005f5e3d1,,,,-1,,128.55.12.57,5054
00000000-0000-0000-0000-000005f5e3d2,,,,-1,,128.55.12.57,2046
00000000-0000-0000-0000-000005f5e3d3,,,,-1,,128.55.12.57,3323
00000000-0000-0000-0000-000005f5e3d4,,,,-1,,128.55.12.57,4004
00000000-0000-0000-0000-000005f5e3d5,,,,-1,,128.55.12.57,3851
00000000-0000-0000-0000-000005f5e3d6,,,,-1,,128.55.12.57,6009
00000000-0000-0000-0000-000005f5e3d7,,,,-1,,128.55.12.57,7200
00000000-0000-0000-0000-000005f5e3d8,,,,-1,,128.55.12.57,1007
00000000-0000-0000-0000-000005f5e3d9,,,,-1,,128.55.12.57,27355
00000000-0000-0000-0000-000005f5e3da,,,,-1,,128.55.12.57,1076
00000000-0000-0000-0000-000005f5e3db,,,,-1,,128.55.12.57,10001
00000000-0000-0000-0000-000005f5e3dc,,,,-1,,128.55.12.57,6001
00000000-0000-0000-0000-000005f5e3dd,,,,-1,,128.55.12.57,212
00000000-0000-0000-0000-000005f5e3de,,,,-1,,128.55.12.57,5004
00000000-0000-0000-0000-000005f5e3df,,,,-1,,128.55.12.57,16993
00000000-0000-0000-0000-000005f5e3e0,,,,-1,,128.55.12.57,1111
00000000-0000-0000-0000-000005f5e3e1,,,,-1,,128.55.12.57,64623
00000000-0000-0000-0000-000005f5e3e2,,,,-1,,128.55.12.57,5222
00000000-0000-0000-0000-000005f5e3e3,,,,-1,,128.55.12.57,2190
00000000-0000-0000-0000-000005f5e3e4,,,,-1,,128.55.12.57,1700
00000000-0000-0000-0000-000005f5e3e5,,,,-1,,128.55.12.57,8800
00000000-0000-0000-0000-000005f5e3e6,,,,-1,,128.55.12.57,1056
00000000-0000-0000-0000-000005f5e3e7,,,,-1,,128.55.12.57,1054
00000000-0000-0000-0000-000005f5e3e8,,,,-1,,128.55.12.57,49156
00000000-0000-0000-0000-000005f5e3e9,,,,-1,,128.55.12.57,2381
00000000-0000-0000-0000-000005f5e3ea,,,,-1,,128.55.12.57,2068
00000000-0000-0000-0000-000005f5e3eb,,,,-1,,128.55.12.57,1721
00000000-0000-0000-0000-000005f5e3ec,,,,-1,,128.55.12.57,2601
00000000-0000-0000-0000-000005f5e3ed,,,,-1,,128.55.12.57,6123
00000000-0000-0000-0000-000005f5e3ee,,,,-1,,128.55.12.57,8443
00000000-0000-0000-0000-000005f5e3ef,,,,-1,,128.55.12.57,6646
00000000-0000-0000-0000-000005f5e3f0,,,,-1,,128.55.12.57,5999
00000000-0000-0000-0000-000005f5e3f1,,,,-1,,128.55.12.57,13
00000000-0000-0000-0000-000005f5e3f2,,,,-1,,128.55.12.57,83
00000000-0000-0000-0000-000005f5e3f3,,,,-1,,128.55.12.57,903
00000000-0000-0000-0000-000005f5e3f4,,,,-1,,128.55.12.57,6510
00000000-0000-0000-0000-000005f5e3f5,,,,-1,,128.55.12.57,2393
00000000-0000-0000-0000-000005f5e3f6,,,,-1,,128.55.12.57,10012
00000000-0000-0000-0000-000005f5e3f7,,,,-1,,128.55.12.57,1119
00000000-0000-0000-0000-000005f5e3f8,,,,-1,,128.55.12.57,687
00000000-0000-0000-0000-000005f5e3f9,,,,-1,,128.55.12.57,9535
00000000-0000-0000-0000-000005f5e3fa,,,,-1,,128.55.12.57,8022
00000000-0000-0000-0000-000005f5e3fb,,,,-1,,128.55.12.57,1185
00000000-0000-0000-0000-000005f5e3fc,,,,-1,,128.55.12.57,6100
00000000-0000-0000-0000-000005f5e3fd,,,,-1,,128.55.12.57,264
00000000-0000-0000-0000-000005f5e3fe,,,,-1,,128.55.12.57,1234
00000000-0000-0000-0000-000005f5e3ff,,,,-1,,128.55.12.57,16113
00000000-0000-0000-0000-000005f5e400,,,,-1,,128.55.12.57,667
00000000-0000-0000-0000-000005f5e401,,,,-1,,128.55.12.57,7201
00000000-0000-0000-0000-000005f5e402,,,,-1,,128.55.12.57,9500
00000000-0000-0000-0000-000005f5e403,,,,-1,,128.55.12.57,2111
00000000-0000-0000-0000-000005f5e404,,,,-1,,128.55.12.57,9002
00000000-0000-0000-0000-000005f5e405,,,,-1,,128.55.12.57,2135
00000000-0000-0000-0000-000005f5e406,,,,-1,,128.55.12.57,3737
00000000-0000-0000-0000-000005f5e407,,,,-1,,128.55.12.57,19283
00000000-0000-0000-0000-000005f5e408,,,,-1,,128.55.12.57,646
00000000-0000-0000-0000-000005f5e409,,,,-1,,128.55.12.57,1042
00000000-0000-0000-0000-000005f5e40a,,,,-1,,128.55.12.57,500
00000000-0000-0000-0000-000005f5e40b,,,,-1,,128.55.12.57,625
00000000-0000-0000-0000-000005f5e40c,,,,-1,,128.55.12.57,7019
00000000-0000-0000-0000-000005f5e40d,,,,-1,,128.55.12.57,8090
00000000-0000-0000-0000-000005f5e40e,,,,-1,,128.55.12.57,3017
00000000-0000-0000-0000-000005f5e40f,,,,-1,,128.55.12.57,514
00000000-0000-0000-0000-000005f5e410,,,,-1,,128.55.12.57,14000
00000000-0000-0000-0000-000005f5e411,,,,-1,,128.55.12.57,57797
00000000-0000-0000-0000-000005f5e412,,,,-1,,128.55.12.57,6566
00000000-0000-0000-0000-000005f5e413,,,,-1,,128.55.12.57,3826
00000000-0000-0000-0000-000005f5e414,,,,-1,,128.55.12.57,42510
00000000-0000-0000-0000-000005f5e415,,,,-1,,128.55.12.57,6502
00000000-0000-0000-0000-000005f5e416,,,,-1,,128.55.12.57,389
00000000-0000-0000-0000-000005f5e417,,,,-1,,128.55.12.57,3268
00000000-0000-0000-0000-000005f5e418,,,,-1,,128.55.12.57,5033
00000000-0000-0000-0000-000005f5e419,,,,-1,,128.55.12.57,9011
00000000-0000-0000-0000-000005f5e41a,,,,-1,,128.55.12.57,4321
00000000-0000-0000-0000-000005f5e41b,,,,-1,,128.55.12.57,2003
00000000-0000-0000-0000-000005f5e41c,,,,-1,,128.55.12.57,55600
00000000-0000-0000-0000-000005f5e41d,,,,-1,,128.55.12.57,27000
00000000-0000-0000-0000-000005f5e41e,,,,-1,,128.55.12.57,1147
00000000-0000-0000-0000-000005f5e41f,,,,-1,,128.55.12.57,8994
00000000-0000-0000-0000-000005f5e420,,,,-1,,128.55.12.57,6112
00000000-0000-0000-0000-000005f5e421,,,,-1,,128.55.12.57,617
00000000-0000-0000-0000-000005f5e422,,,,-1,,128.55.12.57,8180
00000000-0000-0000-0000-000005f5e423,,,,-1,,128.55.12.57,1041
00000000-0000-0000-0000-000005f5e424,,,,-1,,128.55.12.57,1092
00000000-0000-0000-0000-000005f5e425,,,,-1,,128.55.12.57,3261
00000000-0000-0000-0000-000005f5e426,,,,-1,,128.55.12.57,1022
00000000-0000-0000-0000-000005f5e427,,,,-1,,128.55.12.57,6006
00000000-0000-0000-0000-000005f5e428,,,,-1,,128.55.12.57,12000
00000000-0000-0000-0000-000005f5e429,,,,-1,,128.55.12.57,1999
00000000-0000-0000-0000-000005f5e42a,,,,-1,,128.55.12.57,54328
00000000-0000-0000-0000-000005f5e42b,,,,-1,,128.55.12.57,5000
00000000-0000-0000-0000-000005f5e42c,,,,-1,,128.55.12.57,987
00000000-0000-0000-0000-000005f5e42d,,,,-1,,128.55.12.57,4998
00000000-0000-0000-0000-000005f5e42e,,,,-1,,128.55.12.57,35500
00000000-0000-0000-0000-000005f5e42f,,,,-1,,128.55.12.57,10215
00000000-0000-0000-0000-000005f5e430,,,,-1,,128.55.12.57,19315
00000000-0000-0000-0000-000005f5e431,,,,-1,,128.55.12.57,31038
00000000-0000-0000-0000-000005f5e432,,,,-1,,128.55.12.57,9418
00000000-0000-0000-0000-000005f5e433,,,,-1,,128.55.12.57,32777
00000000-0000-0000-0000-000005f5e434,,,,-1,,128.55.12.57,11110
00000000-0000-0000-0000-000005f5e435,,,,-1,,128.55.12.57,3517
00000000-0000-0000-0000-000005f5e436,,,,-1,,128.55.12.57,5825
00000000-0000-0000-0000-000005f5e437,,,,-1,,128.55.12.57,7921
00000000-0000-0000-0000-000005f5e438,,,,-1,,128.55.12.57,4001
00000000-0000-0000-0000-000005f5e439,,,,-1,,128.55.12.57,22939
00000000-0000-0000-0000-000005f5e43a,,,,-1,,128.55.12.57,1089
00000000-0000-0000-0000-000005f5e43b,,,,-1,,128.55.12.57,1090
00000000-0000-0000-0000-000005f5e43c,,,,-1,,128.55.12.57,8194
00000000-0000-0000-0000-000005f5e43d,,,,-1,,128.55.12.57,5859
00000000-0000-0000-0000-000005f5e43e,,,,-1,,128.55.12.57,32768
00000000-0000-0000-0000-000005f5e43f,,,,-1,,128.55.12.57,1247
00000000-0000-0000-0000-000005f5e440,,,,-1,,128.55.12.57,7103
00000000-0000-0000-0000-000005f5e441,,,,-1,,128.55.12.57,3013
00000000-0000-0000-0000-000005f5e442,,,,-1,,128.55.12.57,6792
00000000-0000-0000-0000-000005f5e443,,,,-1,,128.55.12.57,55055
00000000-0000-0000-0000-000005f5e444,,,,-1,,128.55.12.57,3905
00000000-0000-0000-0000-000005f5e445,,,,-1,,128.55.12.57,2004
00000000-0000-0000-0000-000005f5e446,,,,-1,,128.55.12.57,3918
00000000-0000-0000-0000-000005f5e447,,,,-1,,128.55.12.57,1098
00000000-0000-0000-0000-000005f5e448,,,,-1,,128.55.12.57,50636
00000000-0000-0000-0000-000005f5e449,,,,-1,,128.55.12.57,1600
00000000-0000-0000-0000-000005f5e44a,,,,-1,,128.55.12.57,2105
00000000-0000-0000-0000-000005f5e44b,,,,-1,,128.55.12.57,3351
00000000-0000-0000-0000-000005f5e44c,,,,-1,,128.55.12.57,2222
00000000-0000-0000-0000-000005f5e44d,,,,-1,,128.55.12.57,2035
00000000-0000-0000-0000-000005f5e44e,,,,-1,,128.55.12.57,3324
00000000-0000-0000-0000-000005f5e44f,,,,-1,,128.55.12.57,5102
00000000-0000-0000-0000-000005f5e450,,,,-1,,128.55.12.57,28201
00000000-0000-0000-0000-000005f5e451,,,,-1,,128.55.12.57,6005
00000000-0000-0000-0000-000005f5e452,,,,-1,,128.55.12.57,3493
00000000-0000-0000-0000-000005f5e453,,,,-1,,128.55.12.57,9003
00000000-0000-0000-0000-000005f5e454,,,,-1,,128.55.12.57,33354
00000000-0000-0000-0000-000005f5e455,,,,-1,,128.55.12.57,8292
00000000-0000-0000-0000-000005f5e456,,,,-1,,128.55.12.57,5811
00000000-0000-0000-0000-000005f5e457,,,,-1,,128.55.12.57,7070
00000000-0000-0000-0000-000005f5e458,,,,-1,,128.55.12.57,3827
00000000-0000-0000-0000-000005f5e459,,,,-1,,128.55.12.57,5960
00000000-0000-0000-0000-000005f5e45a,,,,-1,,128.55.12.57,19780
00000000-0000-0000-0000-000005f5e45b,,,,-1,,128.55.12.57,30000
00000000-0000-0000-0000-000005f5e45c,,,,-1,,128.55.12.57,1594
00000000-0000-0000-0000-000005f5e45d,,,,-1,,128.55.12.57,10616
00000000-0000-0000-0000-000005f5e45e,,,,-1,,128.55.12.57,2007
00000000-0000-0000-0000-000005f5e45f,,,,-1,,128.55.12.57,7512
00000000-0000-0000-0000-000005f5e460,,,,-1,,128.55.12.57,1583
00000000-0000-0000-0000-000005f5e461,,,,-1,,128.55.12.57,8089
00000000-0000-0000-0000-000005f5e462,,,,-1,,128.55.12.57,3221
00000000-0000-0000-0000-000005f5e463,,,,-1,,128.55.12.57,1055
00000000-0000-0000-0000-000005f5e464,,,,-1,,128.55.12.57,15742
00000000-0000-0000-0000-000005f5e465,,,,-1,,128.55.12.57,54045
00000000-0000-0000-0000-000005f5e466,,,,-1,,128.55.12.57,1533
00000000-0000-0000-0000-000005f5e467,,,,-1,,128.55.12.57,1074
00000000-0000-0000-0000-000005f5e468,,,,-1,,128.55.12.57,5214
00000000-0000-0000-0000-000005f5e469,,,,-1,,128.55.12.57,12174
00000000-0000-0000-0000-000005f5e46a,,,,-1,,128.55.12.57,8009
00000000-0000-0000-0000-000005f5e46b,,,,-1,,128.55.12.57,1046
00000000-0000-0000-0000-000005f5e46c,,,,-1,,128.55.12.57,544
00000000-0000-0000-0000-000005f5e46d,,,,-1,,128.55.12.57,1271
00000000-0000-0000-0000-000005f5e46e,,,,-1,,128.55.12.57,3880
00000000-0000-0000-0000-000005f5e46f,,,,-1,,128.55.12.57,49161
00000000-0000-0000-0000-000005f5e470,,,,-1,,128.55.12.57,1000
00000000-0000-0000-0000-000005f5e471,,,,-1,,128.55.12.57,1755
00000000-0000-0000-0000-000005f5e472,,,,-1,,128.55.12.57,1094
00000000-0000-0000-0000-000005f5e473,,,,-1,,128.55.12.57,9502
00000000-0000-0000-0000-000005f5e474,,,,-1,,128.55.12.57,1061
00000000-0000-0000-0000-000005f5e475,,,,-1,,128.55.12.57,1058
00000000-0000-0000-0000-000005f5e476,,,,-1,,128.55.12.57,1112
00000000-0000-0000-0000-000005f5e477,,,,-1,,128.55.12.57,1192
00000000-0000-0000-0000-000005f5e478,,,,-1,,128.55.12.57,2010
00000000-0000-0000-0000-000005f5e479,,,,-1,,128.55.12.57,2811
00000000-0000-0000-0000-000005f5e47a,,,,-1,,128.55.12.57,52848
00000000-0000-0000-0000-000005f5e47b,,,,-1,,128.55.12.57,3690
00000000-0000-0000-0000-000005f5e47c,,,,-1,,128.55.12.57,1047
00000000-0000-0000-0000-000005f5e47d,,,,-1,,128.55.12.57,9594
00000000-0000-0000-0000-000005f5e47e,,,,-1,,128.55.12.57,1151
00000000-0000-0000-0000-000005f5e47f,,,,-1,,128.55.12.57,1021
00000000-0000-0000-0000-000005f5e480,,,,-1,,128.55.12.57,4002
00000000-0000-0000-0000-000005f5e481,,,,-1,,128.55.12.57,32772
00000000-0000-0000-0000-000005f5e482,,,,-1,,128.55.12.57,8654
00000000-0000-0000-0000-000005f5e483,,,,-1,,128.55.12.57,1840
00000000-0000-0000-0000-000005f5e484,,,,-1,,128.55.12.57,15003
00000000-0000-0000-0000-000005f5e485,,,,-1,,128.55.12.57,1093
00000000-0000-0000-0000-000005f5e486,,,,-1,,128.55.12.57,34572
00000000-0000-0000-0000-000005f5e487,,,,-1,,128.55.12.57,1154
00000000-0000-0000-0000-000005f5e488,,,,-1,,128.55.12.57,2041
00000000-0000-0000-0000-000005f5e489,,,,-1,,128.55.12.57,16016
00000000-0000-0000-0000-000005f5e48a,,,,-1,,128.55.12.57,9503
00000000-0000-0000-0000-000005f5e48b,,,,-1,,128.55.12.57,1027
00000000-0000-0000-0000-000005f5e48c,,,,-1,,128.55.12.57,259
00000000-0000-0000-0000-000005f5e48d,,,,-1,,128.55.12.57,2288
00000000-0000-0000-0000-000005f5e48e,,,,-1,,128.55.12.57,873
00000000-0000-0000-0000-000005f5e48f,,,,-1,,128.55.12.57,58080
00000000-0000-0000-0000-000005f5e490,,,,-1,,128.55.12.57,3971
00000000-0000-0000-0000-000005f5e491,,,,-1,,128.55.12.57,7
00000000-0000-0000-0000-000005f5e492,,,,-1,,128.55.12.57,722
00000000-0000-0000-0000-000005f5e493,,,,-1,,128.55.12.57,3030
00000000-0000-0000-0000-000005f5e494,,,,-1,,128.55.12.57,1038
00000000-0000-0000-0000-000005f5e495,,,,-1,,128.55.12.57,7778
00000000-0000-0000-0000-000005f5e496,,,,-1,,128.55.12.57,4006
00000000-0000-0000-0000-000005f5e497,,,,-1,,128.55.12.57,1105
00000000-0000-0000-0000-000005f5e498,,,,-1,,128.55.12.57,8083
00000000-0000-0000-0000-000005f5e499,,,,-1,,128.55.12.57,497
00000000-0000-0000-0000-000005f5e49a,,,,-1,,128.55.12.57,9878
00000000-0000-0000-0000-000005f5e49b,,,,-1,,128.55.12.57,7106
00000000-0000-0000-0000-000005f5e49c,,,,-1,,128.55.12.57,2170
00000000-0000-0000-0000-000005f5e49d,,,,-1,,128.55.12.57,4242
00000000-0000-0000-0000-000005f5e49e,,,,-1,,128.55.12.57,2260
00000000-0000-0000-0000-000005f5e49f,,,,-1,,128.55.12.57,1494
00000000-0000-0000-0000-000005f5e4a0,,,,-1,,128.55.12.57,179
00000000-0000-0000-0000-000005f5e4a1,,,,-1,,128.55.12.57,4449
00000000-0000-0000-0000-000005f5e4a2,,,,-1,,128.55.12.57,5907
00000000-0000-0000-0000-000005f5e4a3,,,,-1,,128.55.12.57,3333
00000000-0000-0000-0000-000005f5e4a4,,,,-1,,128.55.12.57,1296
00000000-0000-0000-0000-000005f5e4a5,,,,-1,,128.55.12.57,1067
00000000-0000-0000-0000-000005f5e4a6,,,,-1,,128.55.12.57,3300
00000000-0000-0000-0000-000005f5e4a7,,,,-1,,128.55.12.57,5555
00000000-0000-0000-0000-000005f5e4a8,,,,-1,,128.55.12.57,1064
00000000-0000-0000-0000-000005f5e4a9,,,,-1,,128.55.12.57,5911
00000000-0000-0000-0000-000005f5e4aa,,,,-1,,128.55.12.57,27352
00000000-0000-0000-0000-000005f5e4ab,,,,-1,,128.55.12.57,888
00000000-0000-0000-0000-000005f5e4ac,,,,-1,,128.55.12.57,1032
00000000-0000-0000-0000-000005f5e4ad,,,,-1,,128.55.12.57,1524
00000000-0000-0000-0000-000005f5e4ae,,,,-1,,128.55.12.57,20828
00000000-0000-0000-0000-000005f5e4af,,,,-1,,128.55.12.57,1719
00000000-0000-0000-0000-000005f5e4b0,,,,-1,,128.55.12.57,9102
00000000-0000-0000-0000-000005f5e4b1,,,,-1,,128.55.12.57,19350
00000000-0000-0000-0000-000005f5e4b2,,,,-1,,128.55.12.57,2910
00000000-0000-0000-0000-000005f5e4b3,,,,-1,,128.55.12.57,50003
00000000-0000-0000-0000-000005f5e4b4,,,,-1,,128.55.12.57,1009
00000000-0000-0000-0000-000005f5e4b5,,,,-1,,128.55.12.57,2005
00000000-0000-0000-0000-000005f5e4b6,,,,-1,,128.55.12.57,990
00000000-0000-0000-0000-000005f5e4b7,,,,-1,,128.55.12.57,1218
00000000-0000-0000-0000-000005f5e4b8,,,,-1,,128.55.12.57,60020
00000000-0000-0000-0000-000005f5e4b9,,,,-1,,128.55.12.57,1083
00000000-0000-0000-0000-000005f5e4ba,,,,-1,,128.55.12.57,1782
00000000-0000-0000-0000-000005f5e4bb,,,,-1,,128.55.12.57,6565
00000000-0000-0000-0000-000005f5e4bc,,,,-1,,128.55.12.57,1863
00000000-0000-0000-0000-000005f5e4bd,,,,-1,,128.55.12.57,5226
00000000-0000-0000-0000-000005f5e4be,,,,-1,,128.55.12.57,1077
00000000-0000-0000-0000-000005f5e4bf,,,,-1,,128.55.12.57,8873
00000000-0000-0000-0000-000005f5e4c0,,,,-1,,128.55.12.57,99
00000000-0000-0000-0000-000005f5e4c1,,,,-1,,128.55.12.57,1070
00000000-0000-0000-0000-000005f5e4c2,,,,-1,,128.55.12.57,464
00000000-0000-0000-0000-000005f5e4c3,,,,-1,,128.55.12.57,2047
00000000-0000-0000-0000-000005f5e4c4,,,,-1,,128.55.12.57,1123
00000000-0000-0000-0000-000005f5e4c5,,,,-1,,128.55.12.57,5815
00000000-0000-0000-0000-000005f5e4c6,,,,-1,,128.55.12.57,10010
00000000-0000-0000-0000-000005f5e4c7,,,,-1,,128.55.12.57,2191
00000000-0000-0000-0000-000005f5e4c8,,,,-1,,128.55.12.57,16001
00000000-0000-0000-0000-000005f5e4c9,,,,-1,,128.55.12.57,2045
00000000-0000-0000-0000-000005f5e4ca,,,,-1,,128.55.12.57,5120
00000000-0000-0000-0000-000005f5e4cb,,,,-1,,128.55.12.57,5087
00000000-0000-0000-0000-000005f5e4cc,,,,-1,,128.55.12.57,32776
00000000-0000-0000-0000-000005f5e4cd,,,,-1,,128.55.12.57,10009
00000000-0000-0000-0000-000005f5e4ce,,,,-1,,128.55.12.57,9010
00000000-0000-0000-0000-000005f5e4cf,,,,-1,,128.55.12.57,1068
00000000-0000-0000-0000-000005f5e4d0,,,,-1,,128.55.12.57,5544
00000000-0000-0000-0000-000005f5e4d1,,,,-1,,128.55.12.57,5100
00000000-0000-0000-0000-000005f5e4d2,,,,-1,,128.55.12.57,90
00000000-0000-0000-0000-000005f5e4d3,,,,-1,,128.55.12.57,1198
00000000-0000-0000-0000-000005f5e4d4,,,,-1,,128.55.12.57,1433
00000000-0000-0000-0000-000005f5e4d5,,,,-1,,128.55.12.57,49400
00000000-0000-0000-0000-000005f5e4d6,,,,-1,,128.55.12.57,7999
00000000-0000-0000-0000-000005f5e4d7,,,,-1,,128.55.12.57,9110
00000000-0000-0000-0000-000005f5e4d8,,,,-1,,128.55.12.57,9944
00000000-0000-0000-0000-000005f5e4d9,,,,-1,,128.55.12.57,5550
00000000-0000-0000-0000-000005f5e4da,,,,-1,,128.55.12.57,1100
00000000-0000-0000-0000-000005f5e4db,,,,-1,,128.55.12.57,1641
00000000-0000-0000-0000-000005f5e4dc,,,,-1,,128.55.12.57,5922
00000000-0000-0000-0000-000005f5e4dd,,,,-1,,128.55.12.57,1236
00000000-0000-0000-0000-000005f5e4de,,,,-1,,128.55.12.57,255
00000000-0000-0000-0000-000005f5e4df,,,,-1,,128.55.12.57,999
00000000-0000-0000-0000-000005f5e4e0,,,,-1,,128.55.12.57,3527
00000000-0000-0000-0000-000005f5e4e1,,,,-1,,128.55.12.57,13782
00000000-0000-0000-0000-000005f5e4e2,,,,-1,,128.55.12.57,1062
00000000-0000-0000-0000-000005f5e4e3,,,,-1,,128.55.12.57,34573
00000000-0000-0000-0000-000005f5e4e4,,,,-1,,128.55.12.57,5959
00000000-0000-0000-0000-000005f5e4e5,,,,-1,,128.55.12.57,2099
00000000-0000-0000-0000-000005f5e4e6,,,,-1,,128.55.12.57,7777
00000000-0000-0000-0000-000005f5e4e7,,,,-1,,128.55.12.57,1717
00000000-0000-0000-0000-000005f5e4e8,,,,-1,,128.55.12.57,1035
00000000-0000-0000-0000-000005f5e4e9,,,,-1,,128.55.12.57,106
00000000-0000-0000-0000-000005f5e4ea,,,,-1,,128.55.12.57,64680
00000000-0000-0000-0000-000005f5e4eb,,,,-1,,128.55.12.57,880
00000000-0000-0000-0000-000005f5e4ec,,,,-1,,128.55.12.57,3869
00000000-0000-0000-0000-000005f5e4ed,,,,-1,,128.55.12.57,52673
00000000-0000-0000-0000-000005f5e4ee,,,,-1,,128.55.12.57,1175
00000000-0000-0000-0000-000005f5e4ef,,,,-1,,128.55.12.57,44176
00000000-0000-0000-0000-000005f5e4f0,,,,-1,,128.55.12.57,720
00000000-0000-0000-0000-000005f5e4f1,,,,-1,,128.55.12.57,8031
00000000-0000-0000-0000-000005f5e4f2,,,,-1,,128.55.12.57,2033
00000000-0000-0000-0000-000005f5e4f3,,,,-1,,128.55.12.57,89
00000000-0000-0000-0000-000005f5e4f4,,,,-1,,128.55.12.57,417
00000000-0000-0000-0000-000005f5e4f5,,,,-1,,128.55.12.57,2040
00000000-0000-0000-0000-000005f5e4f6,,,,-1,,128.55.12.57,8008
00000000-0000-0000-0000-000005f5e4f7,,,,-1,,128.55.12.57,800
00000000-0000-0000-0000-000005f5e4f8,,,,-1,,128.55.12.57,9100
00000000-0000-0000-0000-000005f5e4f9,,,,-1,,128.55.12.57,10180
00000000-0000-0000-0000-000005f5e4fa,,,,-1,,128.55.12.57,9575
00000000-0000-0000-0000-000005f5e4fb,,,,-1,,128.55.12.57,541
00000000-0000-0000-0000-000005f5e4fc,,,,-1,,128.55.12.57,1309
00000000-0000-0000-0000-000005f5e4fd,,,,-1,,128.55.12.57,1998
00000000-0000-0000-0000-000005f5e4fe,,,,-1,,128.55.12.57,3283
00000000-0000-0000-0000-000005f5e4ff,,,,-1,,128.55.12.57,3071
00000000-0000-0000-0000-000005f5e500,,,,-1,,128.55.12.57,1169
00000000-0000-0000-0000-000005f5e501,,,,-1,,128.55.12.57,5405
00000000-0000-0000-0000-000005f5e502,,,,-1,,128.55.12.57,1131
00000000-0000-0000-0000-000005f5e503,,,,-1,,128.55.12.57,306
00000000-0000-0000-0000-000005f5e504,,,,-1,,128.55.12.57,85
00000000-0000-0000-0000-000005f5e505,,,,-1,,128.55.12.57,9220
00000000-0000-0000-0000-000005f5e506,,,,-1,,128.55.12.57,2107
00000000-0000-0000-0000-000005f5e507,,,,-1,,128.55.12.57,1334
00000000-0000-0000-0000-000005f5e508,,,,-1,,128.55.12.57,6692
00000000-0000-0000-0000-000005f5e509,,,,-1,,128.55.12.57,49158
00000000-0000-0000-0000-000005f5e50a,,,,-1,,128.55.12.57,1031
00000000-0000-0000-0000-000005f5e50b,,,,-1,,128.55.12.57,161
00000000-0000-0000-0000-000005f5e50c,,,,-1,,128.55.12.57,9040
00000000-0000-0000-0000-000005f5e50d,,,,-1,,128.55.12.252,49102
00000000-0000-0000-0000-000005f5e50e,,,,-1,,200.200.200.10,80
00000000-0000-0000-0000-000005f5e50f,,,,-1,,170.167.8.1,80
00000000-0000-0000-0000-000005f5e510,,,,-1,,64.86.89.104,80
00000000-0000-0000-0000-000005f5e511,,,,-1,,216.83.187.86,80
00000000-0000-0000-0000-000005f5e512,,,,-1,,202.157.156.182,80
00000000-0000-0000-0000-000005f5e513,,,,-1,,72.9.238.178,80
00000000-0000-0000-0000-000005f5e514,,,,-1,,202.157.142.83,80
00000000-0000-0000-0000-000005f5e515,,,,-1,,74.205.44.75,80
00000000-0000-0000-0000-000005f5e516,,,,-1,,72.247.20.64,80
00000000-0000-0000-0000-000005f5e517,,,,-1,,69.26.186.49,80
00000000-0000-0000-0000-000005f5e518,,,,-1,,64.25.16.21,80
00000000-0000-0000-0000-000005f5e519,,,,-1,,68.142.91.156,80
00000000-0000-0000-0000-000005f5e51a,,,,-1,,66.151.149.78,80
00000000-0000-0000-0000-000005f5e51b,,,,-1,,208.184.36.73,80
00000000-0000-0000-0000-000005f5e51c,,,,-1,,66.151.149.78,443
00000000-0000-0000-0000-000005f5e51d,,,,-1,,81.18.240.138,80
00000000-0000-0000-0000-000005f5e51e,,,,-1,,128.125.253.146,80
00000000-0000-0000-0000-000005f5e51f,,,,-1,,128.125.253.200,80
00000000-0000-0000-0000-000005f5e520,,,,-1,,209.85.197.147,443
00000000-0000-0000-0000-000005f5e521,,,,-1,,66.165.171.180,80
00000000-0000-0000-0000-000005f5e522,,,,-1,,66.165.171.170,80
00000000-0000-0000-0000-000005f5e523,,,,-1,,66.109.55.10,80
00000000-0000-0000-0000-000005f5e524,,,,-1,,10.0.4.1,50820
00000000-0000-0000-0000-000005f5e525,,,,-1,,0.0.0.0,22
00000000-0000-0000-0000-000005f5e101,,,97.114.47.114,-1,,,0
00000000-0000-0000-0000-000005f5e101,,,97.114.47.114,-1,,,0
00000000-0000-0000-0000-000005f5e101,,,97.114.47.114,-1,,,0
00000000-0000-0000-0000-000005f5e101,,,97.114.47.114,-1,,,0
00000000-0000-0000-0000-000005f5e101,,,97.114.47.114,-1,,,0
00000000-0000-0000-0000-000005f5e101,,,97.114.47.114,-1,,,0
00000000-0000-0000-0000-000005f5e101,,,97.114.47.114,-1,,,0
00000000-0000-0000-0000-000005f5e101,,,97.114.47.114,-1,,,0
00000000-0000-0000-0000-000005f5e101,,,97.114.47.114,-1,,,0
00000000-0000-0000-0000-000005f5e101,,,97.114.47.114,-1,,,0
00000000-0000-0000-0000-000005f5e101,,,97.114.47.114,-1,,,0
00000000-0000-0000-0000-000005f5e101,,,97.114.47.114,-1,,,0
00000000-0000-0000-0000-000005f5e101,,,97.114.47.114,-1,,,0
00000000-0000-0000-0000-000005f5e101,,,97.114.47.114,-1,,,0
00000000-0000-0000-0000-000005f5e101,,,97.114.47.114,-1,,,0
00000000-0000-0000-0000-000005f5e101,,,97.114.47.114,-1,,,0
00000000-0000-0000-0000-000005f5e101,,,97.114.47.114,-1,,,0
00000000-0000-0000-0000-000005f5e526,,,,-1,,10.0.4.1,50894
00000000-0000-0000-0000-000005f5e101,,,97.114.47.114,-1,,,0
00000000-0000-0000-0000-000005f5e101,,,97.114.47.114,-1,,,0
00000000-0000-0000-0000-000005f5e101,,,97.114.47.114,-1,,,0
00000000-0000-0000-0000-000005f5e101,,,97.114.47.114,-1,,,0
00000000-0000-0000-0000-000005f5e101,,,97.114.47.114,-1,,,0
00000000-0000-0000-0000-000005f5e101,,,97.114.47.114,-1,,,0
00000000-0000-0000-0000-000005f5e101,,,97.114.47.114,-1,,,0
00000000-0000-0000-0000-000005f5e101,,,97.114.47.114,-1,,,0
00000000-0000-0000-0000-000005f5e101,,,97.114.47.114,-1,,,0
00000000-0000-0000-0000-000005f5e101,,,97.114.47.114,-1,,,0
00000000-0000-0000-0000-000005f5e101,,,97.114.47.114,-1,,,0
00000000-0000-0000-0000-000005f5e101,,,97.114.47.114,-1,,,0
00000000-0000-0000-0000-000005f5e101,,,97.114.47.114,-1,,,0
00000000-0000-0000-0000-000005f5e101,,,97.114.47.114,-1,,,0
00000000-0000-0000-0000-000005f5e101,,,97.114.47.114,-1,,,0
00000000-0000-0000-0000-000005f5e101,,,97.114.47.114,-1,,,0
00000000-0000-0000-0000-000005f5e101,,,97.114.47.114,-1,,,0
00000000-0000-0000-0000-000005f5e527,,,,-1,,10.0.4.1,50896
00000000-0000-0000-0000-000005f5e101,,,97.114.47.114,-1,,,0
00000000-0000-0000-0000-000005f5e101,,,97.114.47.114,-1,,,0
00000000-0000-0000-0000-000005f5e101,,,97.114.47.114,-1,,,0
00000000-0000-0000-0000-000005f5e101,,,97.114.47.114,-1,,,0
00000000-0000-0000-0000-000005f5e101,,,97.114.47.114,-1,,,0
00000000-0000-0000-0000-000005f5e101,,,97.114.47.114,-1,,,0
00000000-0000-0000-0000-000005f5e101,,,97.114.47.114,-1,,,0
00000000-0000-0000-0000-000005f5e101,,,97.114.47.114,-1,,,0
00000000-0000-0000-0000-000005f5e101,,,97.114.47.114,-1,,,0
00000000-0000-0000-0000-000005f5e101,,,97.114.47.114,-1,,,0
00000000-0000-0000-0000-000005f5e101,,,97.114.47.114,-1,,,0
00000000-0000-0000-0000-000005f5e101,,,97.114.47.114,-1,,,0
00000000-0000-0000-0000-000005f5e101,,,97.114.47.114,-1,,,0
00000000-0000-0000-0000-000005f5e101,,,97.114.47.114,-1,,,0
00000000-0000-0000-0000-000005f5e101,,,97.114.47.114,-1,,,0
00000000-0000-0000-0000-000005f5e101,,,97.114.47.114,-1,,,0
00000000-0000-0000-0000-000005f5e101,,,97.114.47.114,-1,,,0
00000000-0000-0000-0000-000005f5e528,,,,-1,,10.0.4.1,50912
00000000-0000-0000-0000-000005f5e101,,,97.114.47.114,-1,,,0
00000000-0000-0000-0000-000005f5e101,,,97.114.47.114,-1,,,0
00000000-0000-0000-0000-000005f5e101,,,97.114.47.114,-1,,,0
00000000-0000-0000-0000-000005f5e101,,,97.114.47.114,-1,,,0
00000000-0000-0000-0000-000005f5e101,,,97.114.47.114,-1,,,0
00000000-0000-0000-0000-000005f5e101,,,97.114.47.114,-1,,,0
00000000-0000-0000-0000-000005f5e101,,,97.114.47.114,-1,,,0
00000000-0000-0000-0000-000005f5e101,,,97.114.47.114,-1,,,0
00000000-0000-0000-0000-000005f5e101,,,97.114.47.114,-1,,,0
00000000-0000-0000-0000-000005f5e101,,,97.114.47.114,-1,,,0
00000000-0000-0000-0000-000005f5e101,,,97.114.47.114,-1,,,0
00000000-0000-0000-0000-000005f5e101,,,97.114.47.114,-1,,,0
00000000-0000-0000-0000-000005f5e101,,,97.114.47.114,-1,,,0
00000000-0000-0000-0000-000005f5e101,,,97.114.47.114,-1,,,0
00000000-0000-0000-0000-000005f5e101,,,97.114.47.114,-1,,,0
00000000-0000-0000-0000-000005f5e101,,,97.114.47.114,-1,,,0
00000000-0000-0000-0000-000005f5e101,,,97.114.47.114,-1,,,0
00000000-0000-0000-0000-000005f5e529,,,,-1,,10.0.4.1,51774
00000000-0000-0000-0000-000005f5e101,,,97.114.47.114,-1,,,0
00000000-0000-0000-0000-000005f5e101,,,97.114.47.114,-1,,,0
00000000-0000-0000-0000-000005f5e101,,,97.114.47.114,-1,,,0
00000000-0000-0000-0000-000005f5e101,,,97.114.47.114,-1,,,0
00000000-0000-0000-0000-000005f5e101,,,97.114.47.114,-1,,,0
00000000-0000-0000-0000-000005f5e101,,,97.114.47.114,-1,,,0
00000000-0000-0000-0000-000005f5e101,,,97.114.47.114,-1,,,0
00000000-0000-0000-0000-000005f5e101,,,97.114.47.114,-1,,,0
00000000-0000-0000-0000-000005f5e101,,,97.114.47.114,-1,,,0
00000000-0000-0000-0000-000005f5e101,,,97.114.47.114,-1,,,0
00000000-0000-0000-0000-000005f5e101,,,97.114.47.114,-1,,,0
00000000-0000-0000-0000-000005f5e101,,,97.114.47.114,-1,,,0
00000000-0000-0000-0000-000005f5e101,,,97.114.47.114,-1,,,0
00000000-0000-0000-0000-000005f5e101,,,97.114.47.114,-1,,,0
00000000-0000-0000-0000-000005f5e101,,,97.114.47.114,-1,,,0
00000000-0000-0000-0000-000005f5e101,,,97.114.47.114,-1,,,0
00000000-0000-0000-0000-000005f5e101,,,97.114.47.114,-1,,,0
00000000-0000-0000-0000-000005f5e52a,,,,-1,,10.0.4.1,51918
00000000-0000-0000-0000-000005f5e101,,,97.114.47.114,-1,,,0
00000000-0000-0000-0000-000005f5e101,,,97.114.47.114,-1,,,0
00000000-0000-0000-0000-000005f5e101,,,97.114.47.114,-1,,,0
00000000-0000-0000-0000-000005f5e101,,,97.114.47.114,-1,,,0
00000000-0000-0000-0000-000005f5e101,,,97.114.47.114,-1,,,0
00000000-0000-0000-0000-000005f5e101,,,97.114.47.114,-1,,,0
00000000-0000-0000-0000-000005f5e101,,,97.114.47.114,-1,,,0
00000000-0000-0000-0000-000005f5e101,,,97.114.47.114,-1,,,0
00000000-0000-0000-0000-000005f5e101,,,97.114.47.114,-1,,,0
00000000-0000-0000-0000-000005f5e101,,,97.114.47.114,-1,,,0
00000000-0000-0000-0000-000005f5e101,,,97.114.47.114,-1,,,0
00000000-0000-0000-0000-000005f5e101,,,97.114.47.114,-1,,,0
00000000-0000-0000-0000-000005f5e101,,,97.114.47.114,-1,,,0
00000000-0000-0000-0000-000005f5e101,,,97.114.47.114,-1,,,0
00000000-0000-0000-0000-000005f5e101,,,97.114.47.114,-1,,,0
00000000-0000-0000-0000-000005f5e52b,,,,-1,,97.114.47.114,12150
00000000-0000-0000-0000-000005f5e52c,,,,-1,,127.0.0.1,53
00000000-0000-0000-0000-000005f5e52d,,,,-1,,0.0.0.0,0
00000000-0000-0000-0000-000005f5e538,,,,-1,,97.114.47.114,12150
00000000-0000-0000-0000-000005f5e539,,,,-1,,116.109.112.47,47
00000000-0000-0000-0000-000005f5e53a,,,,-1,,145.183.32.0,20524
00000000-0000-0000-0000-000005f5e53b,,,,-1,,127.0.0.1,53
00000000-0000-0000-0000-000005f5e538,,,,-1,,97.114.47.114,12150
00000000-0000-0000-0000-000005f5e539,,,,-1,,116.109.112.47,47
00000000-0000-0000-0000-000005f5e53a,,,,-1,,145.183.32.0,20524
00000000-0000-0000-0000-000005f5e53b,,,,-1,,127.0.0.1,53
